player,player_id,position,team_name,player_game_count,accuracy_percent,aimed_passes,attempts,avg_depth_of_target,avg_time_to_throw,bats,big_time_throws,btt_rate,completion_percent,completions,declined_penalties,def_gen_pressures,drop_rate,dropbacks,drops,first_downs,franchise_id,grades_hands_fumble,grades_offense,grades_pass,grades_run,hit_as_threw,interceptions,passing_snaps,penalties,pressure_to_sack_rate,qb_rating,sack_percent,sacks,scrambles,spikes,thrown_aways,touchdowns,turnover_worthy_plays,twp_rate,yards,ypa
Shane Carden,10001,QB,E CAROLINA,12,73.8,522,558,9.0,2.8,6,18,3.0,64.3,359,0,205,6.8,610,26,3,156,58.2,82.1,82.6,54.3,2,8,649,4,14.1,98.6,4.8,29,23,4,24,28,15,2.3,4312,7.7
Connor Halliday,9724,QB,WASH STATE,9,75.6,504,525,7.4,2.23,4,29,5.3,66.7,350,0,99,8.1,551,31,2,341,62.8,83.5,82.8,49.1,2,11,580,2,20.2,99.7,3.6,20,6,0,15,32,21,3.6,3840,7.3
Brandon Doughty,10857,QB,W KENTUCKY,12,75.4,495,512,8.6,2.45,6,24,4.5,67.2,344,0,126,7.8,544,29,0,346,64.9,85.0,84.2,54.2,4,10,561,1,15.9,114.0,3.7,20,12,0,7,44,14,2.5,4349,8.5
Jared Goff,10635,QB,CAL,12,71.8,471,508,10.2,2.45,9,30,5.6,61.6,313,0,174,7.4,555,25,2,130,41.5,85.9,85.6,52.1,10,7,589,3,14.4,103.1,4.5,25,22,1,17,35,15,2.5,3954,7.8
Pete Thomas,12587,QB,LA MONROE,12,71.9,455,504,7.2,2.58,10,14,2.7,59.9,302,0,263,7.6,590,25,1,209,61.5,60.7,64.7,41.3,7,6,615,1,17.5,82.7,7.8,46,40,2,30,14,10,1.6,3187,6.3
Sefo Liufau,12064,QB,COLORADO,12,75.1,461,498,6.9,2.7,4,18,3.4,65.1,324,0,146,6.4,539,22,3,143,46.0,69.2,69.5,50.1,5,15,571,0,12.3,89.1,3.3,18,23,0,28,28,20,3.5,3182,6.4
Anu Solomon,46599,QB,ARIZONA,12,67.7,465,488,9.7,2.46,2,21,4.0,57.4,280,0,113,11.1,544,35,2,109,59.7,72.5,74.4,52.6,0,7,581,2,23.9,91.5,5.0,27,29,2,19,27,10,1.7,3408,7.0
Dane Evans,46560,QB,TULSA,12,66.9,444,466,10.2,2.45,6,21,4.3,55.2,257,0,148,13.5,516,40,6,320,71.8,59.8,60.2,51.4,1,17,544,2,16.2,77.0,4.7,24,26,2,13,23,30,5.5,3098,6.6
Trevone Boykin,11279,QB,TCU,12,68.3,438,462,11.4,2.6,8,24,5.0,60.4,279,0,111,6.7,521,20,0,305,70.1,80.2,77.2,69.7,2,7,547,4,16.2,101.2,3.5,18,41,0,14,30,21,3.9,3709,8.0
Andrew Hendrix,14711,QB,MIAMI OH,12,55.9,424,460,14.1,2.74,3,31,6.4,48.0,221,0,193,6.8,537,16,0,221,39.7,58.1,59.9,54.5,3,9,564,5,22.3,80.3,8.0,43,34,0,30,23,25,4.4,3270,7.1
Taylor Heinicke,9896,QB,DOMINION,12,73.6,428,458,10.3,2.85,5,36,7.3,63.1,289,0,167,8.3,527,26,2,263,69.6,87.9,88.0,57.2,2,16,562,0,18.6,93.5,5.9,31,38,0,23,30,16,2.9,3464,7.6
Sean Mannion,9522,QB,OREGON ST,12,71.3,436,456,8.9,2.76,3,27,5.6,61.8,282,0,147,9.3,499,29,1,265,56.7,77.6,78.9,46.3,3,8,527,6,24.5,86.2,7.2,36,7,0,14,15,16,3.0,3169,6.9
Sam Richardson,18467,QB,IOWA STATE,11,67.6,423,455,7.7,2.77,14,17,3.6,55.8,254,0,145,11.2,522,32,2,193,67.5,65.4,60.6,70.8,2,9,546,3,17.9,77.9,5.0,26,41,2,14,18,22,4.0,2662,5.9
Blake Frohnapfel,19699,QB,UMASS,10,64.3,403,439,11.8,2.73,4,27,5.8,54.9,241,0,171,6.9,474,18,1,216,56.4,75.4,76.3,49.7,5,10,501,5,13.5,87.5,4.9,23,12,1,26,23,17,3.4,3340,7.6
Tyler Rogers,46638,QB,NEW MEX ST,12,68.9,412,437,7.4,2.25,6,16,3.5,61.1,267,0,87,6.0,456,17,2,242,34.9,56.4,57.6,46.7,1,23,476,2,10.3,71.9,2.0,9,10,0,18,19,28,5.9,2760,6.3
Christian Hackenberg,10685,QB,PENN STATE,12,64.4,405,436,8.7,2.71,8,20,4.4,54.1,236,0,174,9.6,506,25,1,266,51.3,43.9,48.1,37.2,3,15,529,3,24.7,63.8,8.5,43,27,1,19,8,21,4.0,2595,6.0
Nick Arbuckle,16351,QB,GA STATE,12,70.3,401,429,9.6,2.39,9,34,7.5,59.9,257,0,143,8.9,477,25,2,175,51.2,82.2,83.6,53.7,1,17,504,3,21.7,85.2,6.5,31,17,2,16,23,18,3.6,3276,7.6
James Knapke,46506,QB,BOWL GREEN,11,67.9,392,426,9.8,2.44,11,23,5.1,57.7,246,0,98,7.5,463,20,1,122,56.4,57.7,60.6,43.0,0,10,489,5,14.3,76.8,3.0,14,23,0,23,13,21,4.3,2681,6.3
Anthony Boone,9751,QB,DUKE,12,67.3,394,425,8.4,2.2,15,16,3.6,56.2,239,0,101,9.8,440,26,4,154,64.8,62.7,61.2,63.7,4,7,454,5,9.9,80.0,2.3,10,5,0,12,17,20,4.4,2504,5.9
Clint Trickett,15673,QB,W VIRGINIA,11,74.4,410,424,8.4,2.71,5,18,4.0,66.3,281,0,111,7.9,460,24,2,343,48.8,76.0,74.6,58.4,2,10,485,3,20.7,93.9,5.0,23,13,0,7,18,21,4.3,3285,7.7
Ikaika Woolsey,46495,QB,HAWAII,13,63.3,390,424,11.3,2.89,6,20,4.5,49.3,209,0,159,15.4,505,38,3,180,64.2,58.7,60.3,51.6,1,13,528,3,25.2,65.5,7.9,40,41,5,22,13,28,5.3,2530,6.0
Michael Brewer,19619,QB,VA TECH,12,71.2,378,419,9.3,2.89,10,19,4.3,58.9,247,1,169,8.2,473,22,4,337,66.2,69.7,70.3,55.8,0,14,500,4,17.8,76.4,6.3,30,24,1,30,17,19,3.8,2577,6.2
Dylan Thompson,9696,QB,S CAROLINA,12,68.0,397,419,10.5,2.74,3,20,4.5,59.2,248,0,143,8.1,450,22,2,289,52.5,72.6,75.2,44.4,1,11,472,2,14.0,92.2,4.4,20,11,1,17,24,19,4.0,3281,7.8
Everett Golson,18665,QB,NOTRE DAME,12,73.0,381,419,10.0,2.88,10,22,5.0,59.9,251,0,148,9.7,488,27,3,258,29.2,78.1,78.7,58.6,7,14,512,2,20.9,94.5,6.4,31,38,0,21,29,20,3.9,3355,8.0
Cody Kessler,10727,QB,USC,12,81.0,394,414,8.0,2.78,5,21,4.8,70.3,291,0,164,8.8,453,28,3,326,65.0,92.8,92.7,56.9,1,4,475,3,17.1,120.7,6.2,28,11,0,14,36,9,1.9,3490,8.4
Blake Decker,16932,QB,UNLV,13,64.4,390,407,11.6,2.93,6,20,4.7,57.0,232,0,180,7.6,508,19,2,325,71.6,63.6,62.8,60.4,2,18,535,2,20.0,72.9,7.1,36,65,2,7,15,20,3.8,2874,7.1
Cody Sokol,14536,QB,LA TECH,12,68.9,376,404,9.8,2.35,11,26,6.1,59.2,239,0,123,7.7,427,20,1,208,52.2,74.0,75.0,52.0,4,12,450,3,12.2,94.9,3.5,15,8,3,10,29,22,4.9,3099,7.7
Colin Reardon,22806,QB,KENT STATE,11,67.3,382,403,7.5,2.25,2,12,2.8,56.6,228,0,91,11.3,423,29,0,201,69.0,53.4,52.6,59.9,1,16,442,2,11.0,69.7,2.4,10,10,0,18,14,26,5.9,2457,6.1
Fredi Knighten,17824,QB,ARK STATE,12,73.8,362,402,7.6,2.88,9,18,4.3,61.4,247,0,164,7.5,476,20,4,113,40.0,66.8,70.3,53.9,2,7,503,2,20.1,91.7,6.9,33,41,1,28,19,18,3.6,2886,7.2
Patrick Towles,46478,QB,KENTUCKY,12,69.9,362,395,8.9,2.55,14,17,4.2,56.7,224,0,138,11.5,457,29,4,202,45.1,59.3,54.7,66.4,2,9,469,5,24.6,79.0,7.4,34,28,1,16,13,24,5.1,2674,6.8
Trevor Siemian,9683,QB,NWESTERN,11,68.9,367,394,8.3,2.66,13,18,4.4,57.9,228,0,137,9.9,443,25,5,256,48.6,75.4,72.8,61.4,3,11,463,3,21.2,68.1,6.5,29,20,0,11,7,16,3.5,2227,5.7
Marquise Williams,11419,QB,N CAROLINA,12,71.2,365,392,7.9,2.65,12,12,2.9,62.2,244,0,165,6.2,446,16,2,245,41.6,73.4,67.4,72.2,1,9,470,3,14.5,91.8,5.4,24,30,0,14,20,18,3.8,2865,7.3
Jameis Winston,9434,QB,FLORIDA ST,11,72.0,379,392,8.9,2.69,2,17,4.2,65.1,255,0,130,6.6,428,18,2,167,68.8,81.8,79.4,67.6,2,17,448,1,11.5,90.5,3.5,15,21,0,9,21,16,3.6,3241,8.3
Garrett Grayson,9508,QB,COLO STATE,12,75.5,364,389,10.3,2.72,9,24,5.9,65.0,253,0,123,8.0,438,22,0,144,40.0,79.3,81.6,42.7,1,6,457,1,20.3,117.7,5.7,25,24,0,15,32,18,3.9,3778,9.7
P.J. Walker,12134,QB,TEMPLE,12,65.1,355,385,8.6,2.77,10,15,3.8,52.7,203,0,131,12.1,430,28,0,306,30.0,42.3,42.1,52.0,2,15,445,4,14.5,66.2,4.4,19,26,1,17,13,28,6.3,2324,6.0
Kyle Pohl,16451,QB,AKRON,10,68.7,361,385,8.5,2.49,4,10,2.5,54.5,210,0,112,15.3,424,38,0,102,52.5,63.7,65.9,43.2,0,8,440,0,17.0,70.4,4.5,19,20,1,19,9,12,2.7,2193,5.7
Bryce Petty,9536,QB,BAYLOR,11,72.2,360,379,11.9,2.42,5,22,5.6,61.7,234,0,82,10.0,414,26,3,118,62.7,83.3,87.1,48.3,2,6,432,3,20.7,106.1,4.1,17,18,1,11,26,8,1.9,3305,8.7
Tyler Jones,46534,QB,TEXAS ST,12,74.8,357,378,6.8,2.38,5,11,2.8,65.1,246,0,118,7.9,419,21,0,314,44.4,64.4,66.8,55.4,1,7,438,4,20.3,97.5,5.7,24,17,1,14,22,13,3.0,2675,7.1
Cody Fajardo,9976,QB,NEVADA,12,68.3,360,374,9.4,2.7,5,11,2.8,59.9,224,0,90,8.9,419,22,1,239,76.5,77.4,73.2,70.1,2,11,438,0,18.9,82.0,4.1,17,28,0,7,18,20,4.6,2355,6.3
Matt Linehan,46436,QB,IDAHO,11,69.6,352,374,9.1,2.93,7,14,3.5,58.6,219,0,195,10.6,450,26,0,185,53.6,55.9,55.4,56.3,1,18,479,0,22.6,68.7,9.8,44,32,0,14,11,25,5.2,2519,6.7
Brett Hundley,9580,QB,UCLA,12,79.2,351,372,7.5,2.83,5,15,3.8,69.4,258,0,127,7.2,464,20,0,324,26.0,71.3,72.8,57.3,2,5,490,0,30.7,106.8,8.4,39,53,3,11,21,16,3.3,3005,8.1
Brian Burrell,17419,QB,FRESNO ST,12,69.5,347,370,9.4,2.64,6,10,2.6,57.0,211,0,115,12.4,416,30,1,169,69.4,74.4,70.8,69.2,0,13,434,0,26.1,79.1,7.2,30,16,3,14,21,10,2.3,2237,6.0
Paxton Lynch,10660,QB,MEMPHIS,12,74.6,351,370,8.4,2.48,3,22,5.7,63.8,236,0,122,9.9,405,26,4,218,59.5,80.7,82.3,59.4,0,6,421,3,11.5,96.1,3.5,14,21,0,16,18,13,3.1,2789,7.5
Rakeem Cato,14642,QB,MARSHALL,12,64.4,360,369,14.9,2.75,1,46,11.7,58.8,217,0,72,6.5,416,15,4,214,51.0,87.7,84.0,74.7,3,12,445,3,23.6,106.5,4.1,17,30,1,4,35,18,4.0,3308,9.0
Nick Mullens,12282,QB,SO MISS,10,71.1,336,367,9.2,2.45,6,14,3.7,59.1,217,0,135,9.2,407,22,0,296,50.4,70.5,70.3,58.3,9,10,425,2,15.6,78.8,5.2,21,19,1,15,12,12,2.8,2461,6.7
John Wolford,46454,QB,WAKE,12,69.6,326,366,7.5,3.03,10,8,2.1,58.2,213,0,192,6.2,431,14,1,339,64.7,59.4,62.3,46.5,5,14,455,3,23.4,68.7,10.4,45,20,0,25,12,16,3.5,2034,5.6
Maty Mauk,46507,QB,MISSOURI,12,65.6,331,366,10.2,3.05,4,23,5.9,53.0,194,0,137,10.6,421,23,2,229,77.9,67.7,63.9,72.4,2,11,446,12,12.4,79.7,4.0,17,38,0,29,22,17,3.8,2278,6.2
Grant Hedrick,12753,QB,BOISE ST,12,80.2,343,365,7.9,2.62,4,15,4.0,71.2,260,0,119,5.5,438,15,2,120,66.7,90.0,90.4,61.9,1,13,454,3,19.3,101.9,5.3,23,50,1,16,21,14,3.1,3163,8.7
Gunner Kiel,24708,QB,CINCINNATI,12,67.3,349,364,10.3,2.48,7,21,5.5,59.9,218,0,64,7.2,384,17,3,138,56.5,74.7,76.9,53.9,2,11,405,4,15.6,100.9,2.6,10,10,1,5,30,14,3.5,2974,8.2
Bo Wallace,12806,QB,OLE MISS,12,70.3,340,361,9.3,2.57,10,15,4.0,60.9,220,1,134,7.9,409,19,3,226,52.9,71.4,75.4,50.9,1,11,427,3,21.6,96.2,7.1,29,19,1,9,22,20,4.7,3093,8.6
Colby Kirkegaard,15685,QB,WYOMING,12,69.6,319,361,10.2,2.91,9,14,3.8,57.1,206,0,160,7.2,420,16,3,351,54.6,67.5,68.7,51.4,5,9,431,3,25.0,81.0,9.5,40,19,1,27,12,16,3.7,2658,7.4
Tyrone Swoopes,12267,QB,TEXAS,11,67.3,339,357,9.6,2.85,4,17,4.5,58.3,208,0,143,8.8,415,20,2,311,56.0,64.0,64.4,57.9,3,10,437,3,17.5,78.2,6.0,25,33,0,11,13,21,4.8,2318,6.5
Jake Waters,9833,QB,KANSAS ST,12,74.8,330,350,10.1,3.01,5,17,4.5,66.0,231,0,109,6.5,393,16,0,199,57.1,82.4,88.5,54.8,2,6,420,2,23.9,106.6,6.6,26,17,0,13,20,13,3.1,3163,9.0
Joe Licata,11390,QB,BUFFALO,11,74.2,325,350,9.9,2.82,5,19,5.1,64.3,225,0,105,6.6,376,16,2,126,64.9,68.2,68.6,48.8,4,11,404,0,15.2,101.7,4.3,16,10,2,14,29,16,4.0,2648,7.6
Brad Kaaya,11970,QB,MIAMI FL,12,66.0,326,348,9.9,2.49,6,16,4.4,58.3,203,0,96,5.6,371,12,4,220,67.8,66.1,65.7,54.4,5,11,385,4,19.8,96.8,5.1,19,3,0,11,25,18,4.7,2952,8.5
Davis Webb,11842,QB,TEXAS TECH,8,71.3,335,347,8.6,2.35,4,21,5.8,60.8,211,0,85,11.7,355,28,1,315,56.3,74.7,75.3,52.2,1,13,373,4,4.7,90.8,1.1,4,4,1,6,24,21,5.6,2547,7.3
Dak Prescott,10769,QB,MISS STATE,12,69.0,332,345,9.8,2.76,4,17,4.7,61.2,211,0,121,7.9,388,18,3,227,72.9,67.9,67.2,60.4,4,10,406,0,15.7,100.3,4.9,19,24,0,5,24,17,4.2,2996,8.7
Jacoby Brissett,10725,QB,NC STATE,12,70.1,311,344,9.7,2.98,6,16,4.4,59.6,205,0,137,6.0,431,13,1,248,37.8,80.0,69.4,86.2,1,5,454,0,20.4,95.4,6.5,28,59,1,25,22,15,3.3,2344,6.8
Justin Holman,46581,QB,UCF,12,71.8,319,340,10.4,2.68,6,11,3.0,58.8,200,0,136,12.7,401,29,0,323,56.3,64.7,66.5,54.1,10,13,426,1,19.9,87.4,6.7,27,34,1,4,20,16,3.8,2659,7.8
Jake Rudock,10825,QB,IOWA,11,73.1,312,340,9.2,2.8,10,15,4.2,62.1,211,0,113,7.5,384,17,3,192,58.6,71.7,75.2,47.4,4,5,400,2,15.0,92.8,4.4,17,27,0,14,16,12,3.0,2404,7.1
Cooper Rush,12324,QB,C MICHIGAN,12,73.6,314,339,9.5,2.65,9,12,3.4,63.4,215,0,103,6.9,370,16,1,134,46.7,82.2,79.1,70.6,8,12,388,2,22.3,92.6,6.2,23,8,0,8,20,13,3.4,2664,7.9
Austin Grammer,23315,QB,MIDDLE TN,12,76.4,314,337,8.0,2.81,1,16,4.5,65.6,221,0,143,7.9,407,19,2,224,41.0,76.0,75.1,63.2,0,12,423,1,18.2,90.5,6.4,26,44,0,22,17,15,3.5,2571,7.6
Tanner Lee,38321,QB,TULANE,10,62.0,329,337,10.1,2.38,5,9,2.5,54.9,185,0,118,9.3,369,19,2,319,78.2,43.0,43.0,52.6,2,14,389,2,18.6,66.8,6.0,22,10,0,1,12,26,6.7,1975,5.9
Kevin Hogan,10796,QB,STANFORD,12,72.0,328,335,9.2,2.63,2,16,4.5,65.1,218,0,75,7.6,387,18,1,300,40.8,68.9,74.4,45.2,0,8,406,3,26.7,95.6,5.2,20,32,1,4,17,22,5.4,2599,7.8
Marcus Mariota,9435,QB,OREGON,12,77.4,323,333,10.0,2.84,2,19,5.4,68.5,228,0,102,8.8,393,22,2,264,53.8,93.2,91.7,82.6,0,2,412,2,29.4,136.0,7.6,30,30,0,8,36,10,2.4,3466,10.4
Joe Gray,16729,QB,S JOSE ST,11,73.3,307,329,8.5,2.61,6,16,4.7,63.5,209,0,107,7.1,357,16,0,285,32.2,75.7,76.9,55.0,1,9,369,0,12.1,83.9,3.6,13,15,0,15,11,14,3.8,2303,7.0
Blake Sims,11515,QB,ALABAMA,12,73.4,312,328,9.9,2.83,5,15,4.4,62.8,206,0,72,10.0,369,23,2,103,72.5,89.9,87.9,70.2,0,7,382,2,12.5,107.7,2.4,9,32,1,10,24,10,2.6,2974,9.1
C.J. Brown,14571,QB,MARYLAND,12,65.2,310,327,9.4,2.67,6,17,5.0,53.2,174,0,141,13.9,381,28,1,215,61.2,57.0,49.8,70.0,2,9,393,2,21.3,74.8,7.9,30,24,0,9,13,20,5.1,2083,6.4
Zach Terrell,12086,QB,W MICHIGAN,12,77.8,311,326,7.4,2.58,4,14,4.2,69.6,227,0,84,6.2,374,15,2,347,68.3,75.6,71.9,68.3,2,10,387,0,22.6,110.4,5.1,19,29,2,7,23,17,4.4,3097,9.5
Connor Cook,10734,QB,MICH STATE,12,64.3,314,324,11.1,2.71,2,22,6.5,58.0,188,0,85,6.9,345,14,1,223,46.5,79.6,81.5,49.3,2,6,362,1,15.3,102.6,3.8,13,8,0,6,22,17,4.7,2900,9.0
Kenny Hill,46637,QB,TEXAS A&M,8,77.3,313,322,9.4,2.72,4,15,4.5,66.1,213,0,78,12.0,361,29,5,312,63.5,78.6,79.8,54.5,0,8,370,3,19.2,104.8,4.2,15,24,0,5,23,11,3.0,2641,8.2
Terrance Broadway,15286,QB,LA LAFAYET,12,73.7,285,318,7.5,2.81,3,5,1.5,60.7,193,0,151,8.1,363,17,4,207,72.1,63.5,60.1,63.5,7,9,375,3,12.6,80.5,5.2,19,26,2,21,12,17,4.5,2062,6.5
Brandon Allen,10835,QB,ARKANSAS,12,66.2,290,317,10.1,2.77,4,11,3.3,56.2,178,0,106,7.3,343,14,2,111,45.1,68.0,69.6,51.9,0,5,357,5,12.3,89.2,3.8,13,13,0,23,18,16,4.5,2127,6.7
Jaquez Johnson,18005,QB,FAU,11,65.9,293,315,10.4,2.62,7,13,4.0,57.5,181,0,99,6.2,360,12,2,165,60.2,65.5,65.2,60.5,0,5,379,2,17.2,90.8,4.7,17,28,0,15,17,10,2.6,2229,7.1
J.T. Barrett IV,46387,QB,OHIO STATE,12,73.2,295,312,9.7,2.78,5,15,4.7,64.4,201,0,121,6.9,382,15,0,260,85.7,81.3,68.1,84.8,3,10,393,2,24.0,116.4,7.6,29,41,0,9,34,12,3.1,2819,9.0
Gary Nova,12894,QB,RUTGERS,12,63.8,298,308,9.9,2.58,4,18,5.6,57.8,178,0,107,6.3,342,12,0,278,55.8,72.3,72.3,60.8,0,12,355,5,17.8,91.8,5.6,19,15,1,5,20,13,3.7,2675,8.7
Driphus Jackson,19062,QB,RICE,12,68.2,292,308,10.5,2.84,3,17,5.3,57.1,176,0,91,11.6,359,23,1,275,69.8,75.2,76.4,61.3,1,8,376,4,27.5,96.0,7.0,25,26,0,12,21,12,3.2,2542,8.3
Christian Stewart,13086,QB,BYU,8,68.8,288,301,12.0,3.04,6,16,5.0,58.8,177,0,133,10.6,350,21,0,128,51.1,77.3,77.5,59.9,1,6,368,1,13.5,98.6,5.1,18,31,0,6,22,12,3.3,2273,7.6
Taylor Lamb,46422,QB,APP STATE,12,68.2,280,296,10.8,2.74,5,14,4.3,61.5,182,0,96,4.7,323,9,1,108,74.8,67.2,62.7,69.0,0,9,352,3,8.3,93.3,2.5,8,19,0,11,17,12,3.4,2382,8.0
Tommy Armstrong Jr.,46589,QB,NEBRASKA,12,60.0,285,296,12.3,2.76,3,14,4.5,51.4,152,0,124,11.1,330,19,4,238,37.6,61.0,57.7,61.5,1,11,347,1,15.3,83.4,5.8,19,15,2,5,19,22,6.3,2314,7.8
Cyler Miles,24224,QB,WASHINGTON,11,73.9,276,293,7.2,2.78,3,7,2.3,66.2,194,0,115,4.9,357,10,2,340,26.6,64.1,66.9,54.4,1,3,373,3,18.3,101.5,5.9,21,43,0,13,16,14,3.8,2129,7.3
Travis Wilson,12079,QB,UTAH,12,69.2,263,289,8.4,2.73,7,16,5.4,59.9,173,0,80,4.9,335,9,1,328,49.2,67.6,73.1,48.8,1,4,345,2,23.8,94.8,5.7,19,27,1,17,17,7,2.0,2008,6.9
Devin Gardner,9949,QB,MICHIGAN,12,71.1,270,283,8.9,2.8,6,7,2.4,61.5,174,0,102,9.4,349,18,3,222,37.0,61.9,61.6,56.2,3,15,359,1,26.5,70.9,7.7,27,39,0,4,10,16,4.5,1896,6.7
Trevor Knight,12009,QB,OKLAHOMA,9,69.2,263,282,10.8,2.62,5,7,2.4,57.8,163,0,63,10.4,308,19,1,261,67.7,66.0,66.5,56.7,1,9,321,2,11.1,86.0,2.3,7,19,2,11,14,16,5.0,2198,7.8
Cody Clements,17292,QB,UAB,11,74.0,269,280,9.5,2.61,3,15,5.1,65.7,184,0,96,7.5,332,15,1,321,66.6,71.9,70.7,62.7,3,8,348,3,25.0,94.6,7.2,24,28,1,4,14,16,4.6,2215,7.9
Quinn Kaehler,37765,QB,S DIEGO ST,11,68.0,256,280,10.3,2.74,6,13,4.5,56.4,158,0,103,9.2,303,16,3,284,60.8,57.3,58.2,40.8,3,10,316,4,18.4,74.9,6.3,19,4,0,15,9,20,6.3,2012,7.2
Daxx Garman,19183,QB,OKLA STATE,9,62.2,267,277,14.1,2.5,0,19,6.5,54.9,152,0,113,8.4,326,14,0,262,62.9,63.3,64.2,50.9,5,12,344,1,29.2,74.7,10.1,33,16,0,5,12,16,4.7,2025,7.3
Alex McGough,46420,QB,FIU,12,64.5,251,276,9.3,2.64,4,4,1.4,50.0,138,1,98,14.8,332,24,1,166,27.6,33.3,33.5,48.1,5,10,341,3,30.6,69.3,9.0,30,26,2,14,13,22,6.5,1655,6.0
Austin Appleby,12316,QB,PURDUE,9,64.1,251,273,7.9,2.82,6,8,2.8,52.7,144,0,133,10.6,297,17,2,273,28.8,56.9,59.4,49.5,5,11,307,3,8.3,63.8,3.7,11,13,0,11,10,12,3.9,1463,5.4
Brandon Bridge,16073,QB,S ALABAMA,10,66.7,255,273,12.0,2.67,1,14,4.9,50.9,139,0,100,18.2,308,31,3,288,66.7,67.3,65.2,62.6,6,6,326,3,18.0,77.5,5.8,18,17,1,10,14,15,4.6,1643,6.0
Nick Marshall,9829,QB,AUBURN,12,68.1,263,270,12.9,2.85,5,20,7.1,60.0,162,0,91,9.5,295,17,3,115,67.5,90.1,84.8,77.4,0,7,309,3,14.3,98.6,4.4,13,12,0,2,18,12,3.9,2275,8.4
Brandon Silvers,46483,QB,TROY,11,78.7,258,269,6.5,2.17,3,10,3.6,69.9,188,0,82,7.4,306,15,5,318,53.6,62.6,67.2,49.6,1,3,318,1,26.8,96.7,7.2,22,15,1,6,11,9,2.8,1769,6.6
Logan Woodside,46517,QB,TOLEDO,11,70.3,259,267,9.0,2.39,5,16,5.6,61.0,163,0,59,10.4,284,19,1,316,28.4,70.4,76.8,37.5,2,7,307,2,13.6,98.2,2.8,8,9,0,1,19,12,3.9,2082,7.8
Jameill Showers,9851,QB,UTEP,12,68.2,242,267,7.1,2.77,4,7,2.5,55.4,148,1,92,10.3,296,17,0,330,76.9,59.4,55.0,64.0,4,5,316,3,10.9,82.7,3.4,10,19,0,17,12,6,1.9,1745,6.5
Cole Stoudt,10142,QB,CLEMSON,12,70.3,249,266,7.3,2.38,5,7,2.6,61.7,164,0,87,6.3,295,11,0,140,64.3,47.4,48.4,49.6,4,10,302,0,14.9,69.7,4.4,13,16,1,7,6,18,6.0,1558,5.9
Hutson Mason,10168,QB,GEORGIA,12,76.7,249,266,9.0,2.5,2,19,6.8,66.9,178,0,78,6.8,290,13,4,173,61.5,84.9,87.2,51.3,1,4,302,3,16.7,108.3,4.5,13,11,0,14,20,13,4.3,2020,7.6
Greyson Lambert,46545,QB,VIRGINIA,9,69.5,246,261,7.9,2.52,6,10,3.6,59.0,154,0,84,9.9,279,17,0,335,44.8,70.4,69.9,54.4,5,11,294,0,14.3,72.5,4.3,12,6,0,4,10,15,5.1,1629,6.2
Chad Voytik,46471,QB,PITTSBURGH,12,69.3,241,254,9.9,2.68,4,14,5.2,62.2,158,0,104,5.4,299,9,2,268,54.4,68.2,67.7,59.3,2,7,314,1,20.2,95.0,7.0,21,23,1,6,15,13,4.1,2007,7.9
Justin Worley,15203,QB,TENNESSEE,7,71.0,238,253,9.5,2.6,1,12,4.6,62.1,157,0,108,7.1,290,12,3,307,47.4,70.4,69.1,60.0,4,8,302,1,25.9,82.3,9.7,28,9,0,10,12,12,4.0,1573,6.2
Drew Hare,46600,QB,N ILLINOIS,12,70.5,241,249,9.2,2.57,4,11,4.2,59.8,149,0,63,12.4,293,21,0,254,49.9,77.5,77.7,63.9,0,1,305,0,11.1,101.8,2.4,7,37,1,3,15,4,1.3,1878,7.5
Greg Ward,12258,QB,HOUSTON,11,75.6,234,246,7.4,2.94,3,10,3.9,66.7,164,0,85,7.3,309,13,3,182,61.8,72.4,78.5,64.8,0,7,321,2,22.4,87.5,6.1,19,44,4,5,9,8,2.5,1745,7.1
Luke Falk,46586,QB,WASH STATE,5,73.3,236,245,8.1,2.72,0,13,5.1,63.3,155,0,78,10.4,276,18,0,341,76.6,69.4,70.1,58.7,0,7,288,3,21.8,92.5,6.2,17,14,2,7,13,12,4.2,1879,7.7
Taylor Kelly,12900,QB,ARIZONA ST,9,62.0,237,245,10.5,2.73,1,10,3.9,57.6,141,0,83,4.1,286,6,2,110,59.6,58.7,61.0,52.3,0,5,300,3,30.1,100.6,8.7,25,16,0,7,20,7,2.3,1874,7.6
Michael Cummings,19940,QB,KANSAS,9,67.3,226,244,10.5,2.53,4,8,3.2,56.1,137,0,78,9.9,273,15,0,198,41.2,45.1,48.1,44.4,2,6,281,0,21.8,80.2,6.2,17,12,0,12,9,17,6.0,1715,7.0
Mike White,46453,QB,USF,11,63.1,225,241,9.9,2.86,3,13,5.2,50.6,122,0,81,14.1,266,20,2,327,34.6,52.6,58.1,29.1,6,7,281,4,18.5,71.6,5.6,15,10,0,7,8,11,3.9,1639,6.8
Wes Lunt,12050,QB,ILLINOIS,7,71.6,222,235,8.3,2.55,2,8,3.3,63.4,149,0,81,6.3,247,10,1,187,56.6,59.2,61.1,42.2,1,3,258,3,13.6,98.7,4.5,11,1,0,10,13,16,6.2,1727,7.3
Chandler Whitmer,13323,QB,UCONN,12,67.3,202,225,10.8,2.92,1,10,4.2,55.1,124,0,99,8.8,278,12,1,146,39.7,57.1,59.7,50.3,0,8,295,1,27.3,77.7,9.7,27,26,0,22,11,13,4.4,1522,6.8
Will Gardner,22950,QB,LOUISVILLE,8,67.3,205,222,8.7,2.47,10,6,2.6,57.2,127,0,71,8.0,241,11,3,210,54.1,63.0,63.9,48.7,2,3,247,2,18.3,93.5,5.4,13,6,1,4,12,11,4.5,1669,7.5
Tyler Murphy,9912,QB,BOSTON COL,12,71.6,194,216,11.0,3.16,4,8,3.5,55.6,120,0,117,13.7,273,19,0,121,61.9,73.6,63.8,75.9,3,10,289,2,18.8,75.5,8.1,22,35,3,12,11,11,3.8,1526,7.1
Anthony Jennings,46485,QB,LSU,12,57.7,201,215,12.8,2.96,2,13,5.7,48.4,104,0,80,10.3,254,12,2,211,29.6,60.8,63.7,52.7,0,7,273,4,22.5,72.6,7.1,18,21,1,11,10,13,4.8,1459,6.8
Mitch Leidner,46437,QB,MINNESOTA,11,58.8,199,211,12.5,2.78,1,13,5.9,47.9,101,0,85,13.7,241,16,3,225,38.5,56.3,55.4,57.0,2,8,250,3,20.0,72.4,7.1,17,13,3,6,10,16,6.4,1540,7.3
Jack Milas,22500,QB,BALL ST,6,65.3,190,210,8.8,2.22,9,6,2.7,54.8,115,0,48,7.3,218,9,1,117,57.7,52.6,49.5,61.5,3,5,227,0,12.5,77.9,2.8,6,2,2,6,9,16,7.0,1302,6.2
Andrew McNulty,39495,QB,N TEXAS,10,63.7,190,205,9.6,2.73,4,11,5.1,54.1,111,0,70,8.3,224,10,1,251,78.2,52.4,53.7,50.2,1,7,234,1,17.1,69.2,5.4,12,7,1,9,6,14,6.0,1301,6.3
JD Sprague,39102,QB,OHIO,10,63.5,192,203,11.8,2.85,3,13,6.0,48.8,99,0,68,18.9,236,23,2,259,71.1,69.3,66.6,66.0,1,5,252,1,19.1,62.8,5.5,13,20,0,7,3,10,4.0,1238,6.1
Ozzie Mann,17841,QB,BALL ST,7,74.5,184,198,7.3,2.36,7,4,2.0,58.6,116,0,48,15.3,212,21,3,117,28.8,68.2,72.7,40.5,2,2,219,1,14.6,90.5,3.3,7,7,0,5,10,6,2.7,1281,6.5
Jeff Driskel,10841,QB,FLORIDA,8,67.2,180,196,9.2,2.42,4,3,1.5,54.1,106,0,56,12.4,215,15,0,163,71.3,60.2,59.2,60.1,6,10,224,1,16.1,64.4,4.2,9,10,1,5,9,7,3.1,1092,5.6
Mike Bercovici,10986,QB,ARIZONA ST,8,69.3,179,187,9.7,2.5,1,9,4.5,61.0,114,0,51,8.1,200,10,0,110,66.2,69.4,69.0,57.8,1,4,213,0,17.6,97.6,4.5,9,4,2,4,12,9,4.2,1447,7.7
Reginald Bell,28286,QB,E MICHIGAN,9,66.3,178,186,10.1,3.03,2,6,3.2,56.5,105,0,76,11.0,235,13,3,160,26.5,53.4,55.1,54.6,1,6,239,2,26.3,80.6,8.5,20,29,0,5,9,16,6.7,1283,6.9
Patrick Mahomes,11765,QB,TEXAS TECH,7,70.3,175,185,11.0,2.82,2,10,4.9,56.8,105,0,73,14.6,204,18,3,315,49.4,64.1,64.9,56.3,3,4,225,1,13.7,104.0,4.9,10,9,0,5,16,12,5.3,1545,8.4
Garrett Krstich,37876,QB,SMU,6,60.6,175,181,8.5,2.56,5,5,2.7,54.7,99,0,58,6.6,218,7,1,287,42.1,40.5,40.4,53.4,0,7,223,0,29.3,54.9,7.8,17,20,0,1,2,14,6.3,855,4.7
John O'Korn,46515,QB,HOUSTON,6,60.5,167,173,9.2,2.66,0,6,3.3,52.0,90,0,59,10.9,196,11,1,182,68.4,45.5,47.5,49.2,0,8,205,1,15.3,60.6,4.6,9,14,0,6,6,11,5.4,951,5.5
Nate Sudfeld,10821,QB,INDIANA,6,69.7,155,169,10.4,2.79,1,7,3.9,59.8,101,0,48,6.5,194,7,2,190,67.9,63.7,62.8,59.1,1,3,203,3,12.5,84.7,3.1,6,19,0,12,6,6,3.0,1151,6.8
Reilly O'Toole,14421,QB,ILLINOIS,9,73.8,149,167,7.9,2.95,4,4,2.2,58.7,98,0,76,10.9,197,12,0,187,80.4,74.5,70.6,69.0,1,7,211,0,19.7,77.7,7.6,15,15,0,13,9,5,2.4,1051,6.3
Tucker Carter,13140,QB,UTSA,8,68.2,154,167,8.5,2.69,3,6,3.4,57.5,96,0,57,8.6,189,9,1,331,55.8,56.1,61.0,47.5,0,5,197,3,21.1,72.5,6.3,12,10,0,10,4,11,5.6,1083,6.5
Matt Davis,46456,QB,SMU,10,63.2,155,166,7.7,3.22,3,2,1.1,53.6,89,0,89,9.2,236,9,4,287,25.8,46.8,34.1,68.7,2,5,249,3,22.5,61.7,8.5,20,50,0,6,3,15,6.0,855,5.2
Matt Johns,24210,QB,VIRGINIA,9,65.8,149,165,11.2,2.89,2,13,7.4,53.9,89,0,64,9.2,181,9,1,335,67.4,79.6,79.3,63.5,2,5,193,2,3.1,78.3,1.1,2,14,2,10,8,7,3.6,1097,6.6
AJ Long,38322,QB,SYRACUSE,6,63.2,155,164,9.2,2.63,5,7,4.1,53.7,88,0,72,10.2,190,10,1,304,32.7,48.3,45.8,60.1,1,8,198,0,25.0,58.2,9.5,18,8,0,3,4,11,5.6,927,5.7
Kale Pearson,13849,QB,AIR FORCE,11,70.2,151,163,11.1,2.67,1,8,4.6,58.9,96,0,54,9.4,175,10,0,101,61.2,70.8,73.9,58.5,1,3,188,0,14.8,110.7,4.6,8,4,1,9,14,9,4.8,1511,9.3
Justin Thomas,12344,QB,GA TECH,12,58.9,146,162,14.7,3.1,1,8,4.7,50.0,81,0,71,5.8,189,5,0,176,52.4,73.3,63.2,73.9,2,4,200,6,15.5,103.9,5.8,11,16,2,11,16,11,5.5,1460,9.0
Danny Etling,23519,QB,PURDUE,5,65.1,152,162,6.6,2.52,4,5,3.0,54.9,89,0,55,10.1,184,10,0,273,64.2,49.8,47.2,64.1,2,5,187,2,21.8,67.9,6.5,12,10,0,4,6,9,4.8,800,4.9
Derrius Vick,18747,QB,OHIO,8,65.3,150,160,12.3,2.86,4,10,6.0,58.8,94,0,72,4.1,186,4,1,259,62.1,69.7,66.0,69.2,1,4,195,5,13.9,87.4,5.4,10,16,1,4,8,8,4.1,1158,7.2
Joshua Dobbs,11890,QB,TENNESSEE,5,70.2,151,157,8.2,2.76,1,4,2.5,61.1,96,0,50,9.4,177,10,0,307,30.1,66.9,57.3,73.1,0,5,185,1,18.0,85.1,5.1,9,11,1,4,8,14,7.6,1068,6.8
Kyle Allen,26152,QB,TEXAS A&M,8,68.0,150,156,7.8,2.68,2,3,1.8,61.5,96,0,46,5.9,174,6,2,312,49.5,48.0,48.4,52.8,0,6,183,1,21.7,90.4,5.7,10,8,0,4,12,9,4.9,1028,6.6
Johnny McCrary,26439,QB,VANDERBILT,7,61.2,139,152,10.1,2.59,1,9,5.5,51.3,78,0,53,8.2,163,7,0,333,50.9,59.7,61.6,51.0,7,8,177,1,7.5,69.7,2.5,4,7,0,5,9,10,5.6,985,6.5
Terrel Hunt,17224,QB,SYRACUSE,5,66.9,142,150,8.1,2.63,1,7,4.5,56.0,84,0,55,11.6,169,11,4,304,45.1,73.9,70.9,70.4,1,4,177,3,3.6,67.1,1.2,2,17,2,4,1,9,5.1,981,6.5
Austin Robinson,38520,QB,UTSA,6,67.4,135,146,6.8,2.29,4,2,1.3,55.5,81,1,51,11.0,169,10,1,331,23.2,39.0,31.7,61.2,5,5,183,2,25.5,54.7,7.7,13,9,0,2,1,12,6.6,645,4.4
Thomas Woodson,26372,QB,AKRON,8,58.4,137,143,10.9,2.68,3,6,3.9,53.1,76,0,53,5.0,165,4,1,102,76.0,42.8,40.1,61.3,0,6,177,1,11.3,64.0,3.6,6,16,0,3,5,11,6.3,806,5.6
Deshaun Watson,11767,QB,CLEMSON,8,74.8,135,137,11.2,2.71,0,8,5.6,67.9,93,0,46,7.9,155,8,1,140,80.0,88.7,86.0,72.6,0,2,163,0,17.4,131.2,5.2,8,10,0,2,14,2,1.2,1466,10.7
Joel Stave,10985,QB,WISCONSIN,8,64.6,130,136,11.8,3.16,2,7,5.0,58.1,79,0,42,6.0,144,5,0,349,75.3,79.3,77.5,70.0,1,4,151,3,14.3,89.8,4.2,6,2,0,3,8,4,2.6,1042,7.7
Darell Garretson,46397,QB,UTAH ST,5,75.4,126,136,6.5,2.32,2,7,4.9,66.2,90,0,38,5.3,149,5,0,329,46.6,64.7,67.2,46.8,1,3,157,3,21.1,102.0,5.4,8,5,1,6,8,6,3.8,1122,8.3
Zander Diamont,28542,QB,INDIANA,6,63.7,124,134,7.6,2.97,3,1,0.7,47.8,64,0,51,19.0,167,15,1,190,30.0,50.6,45.7,61.5,1,4,174,1,33.3,47.9,10.2,17,16,1,5,1,6,3.4,515,3.8
Taysom Hill,12112,QB,BYU,5,75.0,124,132,8.4,3.15,1,4,2.8,66.7,88,0,68,5.4,172,5,1,128,50.3,85.3,74.9,81.1,0,3,184,1,22.1,96.5,8.7,15,25,0,7,7,4,2.2,972,7.4
Montell Cozart,46563,QB,KANSAS,6,64.2,109,129,8.8,2.94,3,3,2.3,49.6,64,0,56,8.6,156,6,2,198,28.7,34.6,38.9,41.5,1,7,159,1,25.0,56.4,9.0,14,13,0,16,5,9,5.7,701,5.4
Kevin Ellison,46555,QB,GA SOUTHRN,12,68.1,119,127,12.3,2.74,1,8,5.9,55.1,70,0,41,13.6,148,11,1,174,43.8,70.8,68.2,66.1,3,3,157,2,14.6,83.7,4.1,6,15,0,4,5,5,3.2,988,7.8
Reggie Bonnafon,47542,QB,LOUISVILLE,8,64.5,110,117,11.5,3.18,2,6,5.0,51.3,60,0,80,15.5,160,11,0,210,34.1,71.6,71.9,63.2,0,3,165,3,27.5,78.7,13.8,22,21,0,5,5,3,1.8,850,7.3
Tanner McEvoy,11288,QB,WISCONSIN,9,67.3,104,112,10.5,3.02,2,1,0.9,58.0,65,0,41,7.1,131,5,0,349,36.2,72.6,59.9,77.6,0,6,135,0,9.8,69.4,3.1,4,15,0,6,5,7,5.2,709,6.3
Cole Weeks,15145,QB,SO MISS,4,56.9,109,112,11.1,2.34,1,9,7.7,52.7,59,0,46,4.8,131,3,0,296,22.8,57.3,58.5,53.4,0,5,137,1,32.6,61.6,11.5,15,4,0,2,2,9,6.6,761,6.8
Lamar Jordan,29577,QB,NEW MEXICO,11,56.8,111,112,12.8,2.74,0,3,2.5,52.7,59,0,41,6.3,129,4,0,241,31.2,53.8,49.9,58.1,0,5,138,2,14.6,78.8,4.7,6,11,0,1,6,7,5.1,902,8.1
Keenan Reynolds,10816,QB,NAVY,10,59.4,96,107,13.8,3.25,0,5,4.5,45.8,49,0,63,14.0,132,8,0,237,34.1,60.3,57.0,60.7,4,3,137,0,28.6,79.4,13.6,18,7,3,4,6,7,5.1,826,7.7
Kent Myers,30603,QB,UTAH ST,6,73.8,103,105,7.9,2.44,2,5,4.4,68.6,72,0,33,5.3,125,4,1,329,29.1,73.4,73.1,64.4,0,2,135,1,30.3,97.8,8.0,10,10,0,0,5,4,3.0,771,7.3
Treon Harris,27651,QB,FLORIDA,8,59.8,92,100,14.8,2.99,6,5,4.9,50.0,50,0,38,9.1,118,5,0,163,26.3,64.6,65.1,59.5,1,3,122,1,15.8,91.9,5.1,6,12,0,1,7,3,2.5,896,9.0
Steven Bench,17685,QB,USF,6,66.7,87,100,10.3,2.64,2,3,2.9,49.0,49,0,36,15.5,112,9,2,327,56.8,66.3,69.8,48.3,1,2,117,1,19.4,70.0,6.3,7,5,1,9,3,4,3.4,611,6.1
Blake Jurich,12937,QB,S JOSE ST,5,69.1,94,97,9.4,2.47,0,6,5.9,60.8,59,0,38,9.2,110,6,0,285,56.9,51.9,49.0,60.7,1,5,115,0,23.7,77.3,8.2,9,4,0,2,5,8,7.0,672,6.9
Rob Bolden,14307,QB,E MICHIGAN,6,53.9,89,96,7.2,2.74,1,3,3.0,42.7,41,0,47,14.6,115,7,2,160,30.1,34.0,33.6,49.8,0,5,119,2,19.1,47.2,7.8,9,10,0,6,4,9,7.6,399,4.2
Chuckie Keeton,19710,QB,UTAH ST,3,67.4,86,93,7.7,2.75,1,3,3.0,54.8,51,0,29,12.1,102,7,2,329,74.3,59.0,57.6,62.5,1,4,110,2,6.9,56.1,2.0,2,7,0,5,2,6,5.5,426,4.6
Seth Russell,46467,QB,BAYLOR,8,64.6,79,85,13.6,2.23,3,8,9.2,56.5,48,0,18,5.9,88,3,1,118,77.7,84.4,79.0,74.2,0,1,92,0,0.0,115.0,0.0,0,3,0,3,8,3,3.3,804,9.5
Tim Boyle,21956,QB,UCONN,9,65.8,76,82,8.3,2.39,1,3,3.6,51.2,42,0,23,16.0,89,8,0,146,34.6,48.2,52.4,39.1,2,3,90,0,26.1,50.6,6.7,6,1,1,2,1,6,6.7,335,4.1
Nick Montana,12855,QB,TULANE,4,63.5,74,81,8.2,2.69,2,2,2.4,55.6,45,0,27,4.3,87,2,1,319,50.8,55.5,54.4,58.0,0,3,89,0,3.7,54.8,1.1,1,5,1,4,1,4,4.5,344,4.2
Munchie Legaux,16048,QB,CINCINNATI,7,74.0,77,79,8.3,2.74,1,3,3.6,67.1,53,0,21,7.0,89,4,0,138,74.4,62.4,62.6,61.0,0,1,94,2,19.0,95.6,4.5,4,6,0,1,3,2,2.1,574,7.3
Dontreal Pruitt,17469,QB,TROY,7,70.1,77,78,10.5,2.98,0,8,9.6,57.7,45,0,29,16.7,94,9,0,318,74.3,71.5,72.7,59.4,0,1,100,0,13.8,78.4,4.3,4,12,0,1,1,4,4.0,548,7.0
Dajon Williams,29452,QB,N TEXAS,6,71.0,69,77,10.6,3.03,0,6,7.7,59.7,46,0,32,6.1,93,3,0,251,29.3,58.5,54.0,63.9,1,4,94,0,28.1,93.4,9.7,9,7,0,7,7,6,6.4,607,7.9
Wade Freebeck,46432,QB,VANDERBILT,5,53.8,65,72,10.1,2.57,2,3,4.1,47.2,34,0,31,2.9,83,1,0,333,51.0,40.7,44.6,37.0,3,5,85,0,22.6,38.9,8.4,7,4,0,2,1,6,7.1,376,5.2
Angel Santiago,15696,QB,ARMY,12,59.4,64,70,12.8,3.2,2,0,0.0,50.0,35,0,42,7.9,96,3,0,114,24.7,54.5,50.2,56.4,1,1,102,0,31.0,71.6,13.5,13,13,0,3,1,4,4.0,488,7.0
C.J. Beathard,11859,QB,IOWA,7,70.3,64,69,9.8,2.66,0,4,5.5,56.5,39,0,20,13.3,76,6,0,192,75.0,76.5,75.0,65.0,3,1,80,0,20.0,88.0,5.3,4,3,0,2,3,3,3.8,502,7.3
Mitch Trubisky,11757,QB,N CAROLINA,8,59.1,66,69,11.7,2.39,0,1,1.4,50.7,35,0,20,10.3,75,4,1,245,72.3,42.9,43.7,51.2,0,4,76,1,15.0,63.3,4.0,3,3,0,3,4,3,3.9,394,5.7
Patton Robinette,37962,QB,VANDERBILT,6,70.3,64,68,11.1,2.9,1,0,0.0,63.2,43,0,26,4.4,81,2,0,333,75.5,48.9,49.4,55.2,1,3,88,2,23.1,78.9,7.4,6,7,0,2,3,7,8.0,454,6.7
Phillip Ely,19653,QB,TOLEDO,2,70.8,65,68,7.3,2.29,1,2,2.9,60.3,41,0,20,10.9,72,5,0,316,72.5,65.2,63.7,65.7,2,1,73,1,20.0,99.0,5.6,4,0,0,0,4,5,6.8,541,8.0
Stephen Rivers,16594,QB,VANDERBILT,4,44.8,58,66,11.2,2.52,1,2,2.9,37.9,25,0,24,3.8,69,1,1,333,71.1,39.3,40.4,53.8,3,3,72,2,8.3,35.8,2.9,2,1,0,4,0,4,5.6,334,5.1
Chad Chalich,27637,QB,IDAHO,4,68.9,61,66,10.5,3.22,1,6,8.1,56.1,37,0,31,11.9,81,5,0,185,54.8,66.5,67.7,59.7,0,2,89,1,9.7,78.0,3.7,3,12,0,4,2,3,3.4,502,7.6
Cody Thomas,12913,QB,OKLAHOMA,7,55.0,60,66,8.1,2.61,2,0,0.0,45.5,30,0,15,9.1,72,3,0,261,55.7,40.2,34.9,55.0,1,4,75,0,13.3,46.4,2.8,2,4,0,3,2,3,4.0,342,5.2
Skyler Howard,12262,QB,W VIRGINIA,3,66.7,63,66,11.3,2.91,0,2,2.9,54.5,36,0,23,14.3,69,6,0,343,29.5,79.5,78.7,64.1,0,0,71,0,4.3,103.3,1.4,1,2,1,2,5,2,2.8,483,7.3
Jared Lebowitz,26965,QB,UNLV,3,59.6,57,62,12.1,2.67,1,1,1.5,40.3,25,0,18,26.5,64,9,0,325,72.4,50.4,48.4,62.4,0,1,68,1,11.1,56.5,3.1,2,0,0,4,1,5,7.4,329,5.3
Hunter Vaughn,38201,QB,S ALABAMA,4,69.1,55,60,6.9,2.68,1,0,0.0,63.3,38,0,25,0.0,66,0,1,288,35.2,30.5,34.9,43.2,0,6,67,1,8.0,44.6,3.0,2,4,0,4,1,7,10.4,342,5.7
Mason Rudolph,46569,QB,OKLA STATE,2,65.5,58,60,12.2,2.54,0,4,6.1,53.3,32,0,29,15.8,69,6,1,262,71.2,65.6,67.5,53.5,0,3,75,1,17.2,86.4,7.2,5,4,0,2,4,4,5.3,554,9.2
Jake Coker,10951,QB,ALABAMA,5,77.2,57,59,10.7,2.88,0,2,3.3,64.4,38,0,19,13.6,66,6,0,103,70.6,74.0,72.3,63.3,0,0,67,0,15.8,106.8,4.5,3,4,0,2,4,1,1.5,403,6.8
Zack Oliver,18691,QB,NWESTERN,4,64.9,57,57,11.8,2.65,0,5,8.1,52.6,30,0,19,18.9,64,7,0,256,50.3,67.5,74.6,43.3,0,3,69,0,10.5,62.5,3.1,2,5,0,0,2,3,4.3,367,6.4
Grant Rohach,46510,QB,IOWA STATE,2,56.6,53,55,8.4,2.7,1,1,1.7,50.9,28,0,16,6.7,61,2,0,193,26.7,48.9,45.3,68.8,0,1,65,0,25.0,70.3,6.6,4,2,0,1,2,5,7.7,280,5.1
Caleb Rowe,18200,QB,MARYLAND,4,69.2,52,54,8.5,2.26,0,1,1.8,63.0,34,0,12,5.6,57,2,0,215,48.9,57.4,61.1,49.9,0,4,58,0,8.3,92.3,1.8,1,2,0,2,5,4,6.9,489,9.1
Brandon Connette,13640,QB,FRESNO ST,3,62.5,48,53,6.4,2.95,3,0,0.0,52.8,28,0,20,6.7,63,2,1,169,77.3,48.0,44.7,60.4,0,3,67,3,20.0,58.4,6.3,4,6,0,2,2,3,4.5,296,5.6
Kendal Thompson,11451,QB,UTAH,7,78.4,51,52,8.5,3.09,1,0,0.0,61.5,32,0,23,20.0,76,8,0,328,60.9,73.6,73.8,64.2,0,2,81,1,39.1,76.1,11.8,9,15,0,0,2,1,1.2,324,6.2
Josh Greer,38105,QB,N TEXAS,3,55.1,49,51,8.3,2.61,1,2,3.8,47.1,24,0,23,11.1,56,3,0,251,20.5,35.7,43.4,26.4,0,2,57,0,21.7,38.9,8.9,5,0,0,1,0,2,3.5,171,3.4
Austin Wilson,38034,QB,SYRACUSE,5,60.4,48,50,9.4,2.73,0,1,1.9,56.0,28,0,16,3.4,56,1,0,304,27.0,29.1,31.5,37.3,0,4,60,0,18.8,36.5,5.4,3,3,0,2,0,9,15.0,253,5.1
E.J. Hilliard,18127,QB,FIU,6,76.6,47,49,8.1,2.59,1,1,2.0,69.4,34,0,23,5.6,67,2,1,166,50.9,59.7,59.3,60.9,0,0,70,1,52.2,95.7,17.9,12,6,0,1,1,3,4.3,341,7.0
Neal Burcham,38131,QB,SMU,2,69.6,46,49,3.8,2.2,0,0,0.0,55.1,27,0,14,15.6,56,5,0,287,39.9,42.2,42.6,57.3,0,2,58,0,42.9,44.4,10.7,6,1,0,3,0,3,5.2,158,3.2
Jeremiah Briscoe,27427,QB,UAB,6,38.3,47,49,15.9,2.63,1,4,7.8,36.7,18,0,18,0.0,54,0,0,321,71.4,40.5,38.3,58.1,0,4,56,0,16.7,49.4,5.6,3,2,1,0,3,5,8.9,357,7.3
Austin Whipple,30308,QB,UMASS,2,62.2,45,48,9.2,2.79,2,2,4.1,52.1,25,0,18,10.7,59,3,1,216,42.4,36.7,39.6,40.1,0,3,60,1,33.3,68.5,10.2,6,5,0,1,3,6,10.0,325,6.8
Greg Hankerson Jr.,22834,QB,FAU,5,60.0,45,47,9.2,2.7,1,1,1.9,46.8,22,0,14,18.5,56,5,0,165,71.8,56.6,52.4,61.3,0,0,62,1,42.9,61.7,10.7,6,3,0,1,1,2,3.2,152,3.2
Sean Maguire,22742,QB,FLORIDA ST,3,70.0,40,46,9.5,2.93,1,1,2.1,54.3,25,0,28,10.7,54,3,0,167,70.3,56.7,60.2,43.8,4,2,55,1,21.4,66.7,11.1,6,2,0,1,1,4,7.3,333,7.2
Brandon Harris,46538,QB,LSU,7,60.5,43,45,15.6,3.07,0,5,10.2,53.3,24,0,14,7.7,51,2,0,211,33.0,68.4,66.5,63.3,0,2,55,0,28.6,106.4,7.8,4,2,1,1,6,2,3.6,419,9.3
Jordan Gehrke,21879,QB,COLORADO,4,56.1,41,44,5.7,2.87,1,0,0.0,45.5,20,0,18,13.0,52,3,1,143,70.9,50.9,51.1,58.6,0,0,53,1,22.2,56.1,7.7,4,4,0,2,0,0,0.0,170,3.9
Matt Floyd,20237,QB,S ALABAMA,3,56.8,44,44,12.4,2.57,0,3,6.7,43.2,19,0,10,24.0,50,6,0,288,44.8,35.3,41.7,37.8,0,3,51,0,40.0,34.6,8.0,4,2,0,0,0,5,9.8,263,6.0
Kameron Bryant,17632,QB,APP STATE,4,71.8,39,43,6.8,2.31,1,0,0.0,53.5,23,0,16,17.9,45,5,1,108,51.2,61.0,60.5,58.7,3,2,50,0,12.5,82.9,4.4,2,0,0,0,4,3,6.0,254,5.9
Brogan Roback,25079,QB,E MICHIGAN,3,72.5,40,42,8.4,2.74,0,1,2.4,52.4,22,0,15,24.1,47,7,0,160,38.6,58.3,57.1,56.1,0,0,47,0,13.3,58.2,4.3,2,3,0,2,0,1,2.1,124,3.0
Shane Morris,46516,QB,MICHIGAN,5,43.6,39,40,12.9,2.82,1,1,2.4,35.0,14,0,11,17.6,46,3,0,222,18.1,34.0,40.7,35.6,0,3,48,0,27.3,13.3,6.5,3,3,0,0,0,3,6.3,128,3.2
Nathan Strock,28743,QB,KENT STATE,6,56.8,37,40,7.2,2.62,1,0,0.0,40.0,16,0,19,23.8,49,5,0,201,45.1,38.6,35.0,61.4,0,1,55,0,42.1,54.2,16.3,8,1,0,2,2,3,5.5,104,2.6
Blake Bogenschutz,26913,QB,UTSA,3,62.2,37,39,7.5,2.39,2,1,2.3,56.4,22,0,12,4.3,49,1,0,331,26.6,29.9,37.5,37.3,0,2,53,0,41.7,57.9,10.2,5,5,0,0,0,5,9.4,282,7.2
Nick Bawden,27413,QB,S DIEGO ST,3,48.6,37,39,12.2,2.99,1,0,0.0,33.3,13,0,15,27.8,50,5,0,284,39.2,38.7,38.8,49.1,0,2,50,0,20.0,32.7,6.0,3,8,0,1,1,3,6.0,147,3.8
J.W. Walsh,19040,QB,OKLA STATE,2,61.8,34,39,8.8,2.51,2,0,0.0,51.3,20,0,13,4.8,43,1,1,262,44.4,54.4,49.4,63.6,0,1,45,1,0.0,67.6,0.0,0,4,1,2,1,2,4.4,233,6.0
Jerry Neuheisel,24010,QB,UCLA,2,74.3,35,38,3.6,2.29,1,1,2.6,68.4,26,0,11,0.0,41,0,1,324,69.1,55.7,54.4,,0,0,42,0,27.3,97.9,7.3,3,0,0,2,2,2,4.8,194,5.1
Kyle Bolin,46414,QB,LOUISVILLE,3,75.7,37,38,11.4,2.47,0,2,5.1,65.8,25,0,9,10.7,41,3,0,210,70.8,80.1,82.0,57.6,1,1,43,0,11.1,117.9,2.4,1,2,0,0,3,2,4.7,416,10.9
Kolney Cassel,29831,QB,SMU,5,62.9,35,37,10.6,2.45,0,1,2.7,40.5,15,0,11,31.8,43,7,0,287,33.7,53.6,55.8,57.0,0,0,44,1,54.5,62.4,14.0,6,0,0,2,1,3,6.8,156,4.2
Matt Johnson,11111,QB,BOWL GREEN,1,77.8,36,36,8.2,2.67,0,1,2.7,69.4,25,0,11,10.7,40,3,0,122,45.6,81.8,87.3,43.5,0,0,41,0,27.3,105.6,7.5,3,1,0,0,1,0,0.0,314,8.7
Jeremy Johnson,46386,QB,AUBURN,6,83.3,36,36,8.1,2.22,0,0,0.0,75.0,27,0,4,10.0,38,3,0,115,69.8,85.5,83.8,52.7,0,0,39,0,25.0,139.6,2.6,1,1,0,0,3,0,0.0,408,11.3
Troy Williams,46431,QB,WASHINGTON,2,75.8,33,35,5.0,2.79,2,0,0.0,62.9,22,0,9,12.0,46,3,0,340,71.7,45.1,42.4,56.8,0,2,47,0,66.7,51.3,13.0,6,5,0,0,0,2,4.3,173,4.9
David Ash,19739,QB,TEXAS,1,72.4,29,34,7.2,3.13,1,1,2.9,55.9,19,0,11,9.5,38,2,1,311,15.8,43.7,62.4,23.7,1,0,38,0,18.2,81.7,5.3,2,2,0,3,1,1,2.6,190,5.6
Anthony Maddie,21288,QB,N ILLINOIS,8,66.7,33,33,7.7,2.52,0,2,5.7,60.6,20,0,7,9.1,41,2,0,254,79.0,58.5,53.7,60.9,0,1,44,0,28.6,68.6,4.9,2,6,0,0,0,3,6.8,227,6.9
Craig Harrison,15442,QB,UTAH ST,2,61.3,31,32,7.3,2.4,1,0,0.0,46.9,15,0,9,21.1,38,4,0,329,17.0,43.6,47.5,46.9,0,0,39,0,22.2,101.7,5.3,2,4,0,0,3,2,5.1,225,7.0
Casey Cochran,21948,QB,UCONN,1,60.0,30,31,10.3,2.25,0,0,0.0,54.8,17,0,9,5.6,32,1,0,146,68.5,47.7,47.3,,0,1,33,0,11.1,57.3,3.1,1,0,0,1,0,3,9.1,171,5.5
Nate Romine,46524,QB,AIR FORCE,3,53.6,28,30,13.8,2.74,0,0,0.0,46.7,14,0,10,6.7,34,1,0,101,56.0,41.4,43.8,48.6,0,1,35,0,20.0,55.8,5.9,2,2,0,2,0,2,5.7,207,6.9
Brice Ramsey,27649,QB,GEORGIA,5,72.4,29,30,10.9,2.65,0,2,6.5,66.7,20,0,6,4.8,30,1,0,173,68.3,68.9,67.7,,0,1,31,0,0.0,116.2,0.0,0,0,0,1,3,2,6.5,282,9.4
Nick Sherry,16938,QB,UNLV,2,53.8,26,29,10.8,2.73,0,1,3.3,31.0,9,0,16,35.7,32,5,1,325,29.5,28.8,32.8,35.3,0,2,33,0,6.3,11.7,3.1,1,2,0,3,0,4,12.1,78,2.7
Jeff Lindquist,47029,QB,WASHINGTON,3,50.0,26,28,15.6,2.81,1,2,6.9,32.1,9,0,6,30.8,32,4,0,340,74.5,70.2,72.5,60.5,0,0,33,0,16.7,64.4,3.1,1,3,0,1,1,0,0.0,159,5.7
A.J. Schurr,19879,QB,ARMY,8,72.7,22,28,14.0,3.35,0,1,3.3,42.9,12,0,18,25.0,33,4,0,114,26.9,58.0,43.8,67.9,1,1,36,2,22.2,70.2,12.1,4,1,0,5,1,4,11.4,238,8.5
Chris Laviano,46398,QB,RUTGERS,5,52.0,25,28,7.1,3.12,1,0,0.0,39.3,11,0,13,15.4,33,2,0,278,70.4,50.0,43.7,63.7,0,1,33,0,7.7,36.3,3.0,1,4,0,2,0,2,6.1,110,3.9
Ryan Finley,46426,QB,BOISE ST,3,56.0,25,27,12.2,3.26,0,0,0.0,44.4,12,0,13,14.3,33,2,0,120,70.6,58.5,52.7,70.6,1,1,37,0,30.8,73.2,12.1,4,2,0,1,2,1,2.7,161,6.0
Favian Upshaw,46554,QB,GA SOUTHRN,8,76.9,26,27,10.5,2.99,0,3,10.3,70.4,19,0,9,5.0,32,1,0,174,57.7,90.2,83.9,77.5,0,1,34,0,11.1,114.0,3.1,1,4,0,1,2,1,2.9,285,10.6
Vincent Testaverde,39415,QB,TEXAS TECH,1,57.7,26,26,6.1,1.92,0,0,0.0,57.7,15,0,1,0.0,27,0,1,315,68.5,28.4,28.1,56.7,0,1,27,0,0.0,52.7,0.0,0,1,0,0,0,4,14.8,116,4.5
Cole Gautsche,47093,QB,NEW MEXICO,5,56.0,25,26,12.2,2.65,0,1,3.7,46.2,12,0,9,14.3,31,2,0,241,78.7,63.5,57.1,64.1,0,0,33,1,33.3,57.4,9.7,3,2,0,1,0,0,0.0,105,4.0
Devin Powell,38337,QB,TULANE,2,60.9,23,26,8.7,2.52,1,0,0.0,38.5,10,0,14,28.6,30,4,0,319,68.8,66.5,56.6,79.5,2,0,30,0,14.3,51.8,6.7,2,2,0,0,0,0,0.0,110,4.2
Nick Stevens,46468,QB,COLO STATE,5,70.8,24,25,6.0,2.07,0,0,0.0,60.0,15,0,8,11.8,26,2,0,144,36.6,41.2,37.8,60.0,1,0,28,0,12.5,88.1,3.8,1,0,0,0,1,1,3.6,136,5.4
Jeff Lockie,23581,QB,OREGON,4,83.3,24,25,4.9,2.63,0,1,4.0,76.0,19,0,6,5.0,26,1,0,264,70.6,81.2,83.0,60.5,1,0,27,1,0.0,111.1,0.0,0,1,0,0,1,0,0.0,194,7.8
Mitch Ravizza,21770,QB,S JOSE ST,2,69.6,23,23,5.2,2.36,0,0,0.0,60.9,14,0,6,12.5,29,2,0,285,73.6,52.2,48.0,59.0,0,0,29,0,50.0,65.3,10.3,3,3,0,0,0,1,3.4,61,2.7
Aaron Bailey,39138,QB,ILLINOIS,3,52.2,23,23,10.3,3.48,0,1,4.0,47.8,11,0,20,8.3,30,1,0,187,26.7,46.5,42.8,55.9,0,1,33,0,15.0,59.7,10.0,3,4,0,0,1,2,6.1,118,5.1
Matt McIntosh,16584,QB,N ILLINOIS,2,81.8,22,23,4.8,1.96,0,0,0.0,60.9,14,0,2,22.2,25,4,0,254,70.9,59.6,57.9,60.8,0,0,25,0,0.0,89.4,0.0,0,2,0,1,1,0,0.0,122,5.3
Zack Greenlee,46587,QB,FRESNO ST,2,66.7,18,23,10.6,3.63,0,1,4.3,47.8,11,0,11,8.3,29,1,0,169,69.2,58.7,61.2,54.4,1,0,29,1,9.1,86.1,3.4,1,5,0,4,1,1,3.4,164,7.1
Damian Williams,46496,QB,MISS STATE,5,76.2,21,23,7.8,2.41,1,2,8.7,60.9,14,0,7,12.5,25,2,0,227,18.9,49.7,55.2,49.2,0,0,25,0,28.6,120.5,8.0,2,0,0,1,3,2,8.0,155,6.7
Brooks Haack,46462,QB,LA LAFAYET,5,87.0,23,23,6.4,2.65,0,2,8.7,87.0,20,0,9,0.0,25,0,0,207,71.8,82.8,88.3,56.7,0,0,25,0,11.1,128.1,4.0,1,1,0,0,2,1,4.0,179,7.8
Brayle Brown,16644,QB,LA MONROE,5,71.4,21,23,7.7,2.1,2,2,8.7,56.5,13,0,3,13.3,23,2,0,209,5.6,36.8,56.0,25.2,0,1,23,0,0.0,74.0,0.0,0,0,0,0,1,2,8.7,157,6.8
Jeremy Higgins,37751,QB,HAWAII,2,39.1,23,23,12.2,2.26,0,1,3.8,30.4,7,0,4,22.2,25,2,0,180,28.3,34.1,32.4,60.0,0,0,29,0,50.0,46.1,8.0,2,0,0,0,0,2,6.9,103,4.5
Ryan Buchanan,26731,QB,OLE MISS,5,71.4,21,22,3.2,2.23,1,0,0.0,54.5,12,0,8,20.0,23,3,1,226,68.9,42.7,43.7,51.7,0,1,25,0,0.0,42.8,0.0,0,1,0,0,0,1,4.0,75,3.4
Taylor Graham,14412,QB,HAWAII,2,61.9,21,22,8.6,2.5,0,1,4.5,54.5,12,0,4,7.7,24,1,0,180,67.5,58.2,58.9,57.0,1,1,24,0,25.0,68.9,4.2,1,1,0,0,1,1,4.2,133,6.0
Matt Joeckel,15217,QB,TCU,4,71.4,21,21,7.0,2.25,0,0,0.0,57.1,12,0,5,20.0,23,3,0,305,68.2,56.4,53.9,61.3,0,1,24,0,0.0,88.2,0.0,0,2,0,0,2,1,4.2,134,6.4
Gunnar Holcombe,46409,QB,MARSHALL,4,70.0,20,21,7.9,2.25,0,2,9.5,57.1,12,0,4,14.3,21,2,0,214,23.8,60.9,68.1,52.9,0,0,21,1,0.0,73.3,0.0,0,0,0,1,0,1,4.8,119,5.7
Evan Crower,13629,QB,STANFORD,4,66.7,21,21,8.8,2.5,0,2,9.1,52.4,11,0,4,21.4,21,3,0,300,10.7,56.6,71.7,28.5,0,0,22,0,0.0,94.1,0.0,0,0,0,0,1,1,4.5,164,7.8
Luke Rubenzer,28165,QB,CAL,6,65.0,20,21,11.1,3.15,0,0,0.0,57.1,12,0,12,7.7,26,1,0,130,61.9,50.9,28.9,66.8,0,3,30,1,16.7,74.8,7.7,2,3,0,1,2,4,13.3,166,7.9
Cody Callaway,26968,QB,BOWL GREEN,3,61.9,21,21,16.4,3.16,0,2,9.1,47.6,10,0,8,23.1,27,3,0,122,28.3,63.2,74.9,35.5,0,0,28,0,50.0,85.4,14.8,4,2,0,0,1,1,3.6,140,6.7
Nathan Peterman,11926,QB,TENNESSEE,6,62.5,16,21,3.4,2.65,2,0,0.0,47.6,10,0,13,0.0,25,0,1,307,29.1,42.9,44.4,50.0,2,0,25,1,7.7,54.3,4.0,1,3,0,1,0,1,4.0,49,2.3
Malik Zaire,46634,QB,NOTRE DAME,1,57.9,19,21,14.2,2.5,0,1,4.8,42.9,9,0,5,18.2,23,2,0,258,72.5,76.7,78.7,62.1,0,0,23,0,20.0,71.5,4.3,1,1,1,1,0,0,0.0,170,8.1
Quinton Flowers,46580,QB,USF,4,52.6,19,20,11.2,3.27,0,1,4.3,40.0,8,0,9,20.0,22,2,0,327,73.3,42.1,35.8,60.3,0,2,25,1,11.1,18.8,4.5,1,1,0,1,0,2,8.0,110,5.5
Michael Julian,30757,QB,TOLEDO,5,68.8,16,19,6.5,3.11,1,0,0.0,42.1,8,0,5,27.3,24,3,0,316,49.2,49.5,55.9,49.0,0,0,25,0,60.0,56.9,12.5,3,2,0,2,0,1,4.0,90,4.7
Luke Del Rio,46403,QB,OREGON ST,3,61.1,18,19,11.8,2.93,0,0,0.0,42.1,8,0,4,27.3,19,3,0,265,67.1,65.7,65.2,,0,0,20,0,0.0,68.1,0.0,0,0,1,0,0,0,0.0,141,7.4
Tyler Stehling,46429,QB,RICE,4,72.2,18,19,9.7,2.72,1,2,10.0,63.2,12,0,3,7.7,24,1,0,275,28.5,54.5,58.2,51.8,0,0,25,0,66.7,107.1,8.3,2,3,0,0,1,1,4.0,159,8.4
Mitch Kimble,21943,QB,SYRACUSE,2,55.6,18,19,11.6,2.12,1,1,5.3,31.6,6,0,3,40.0,20,4,0,304,72.5,62.9,54.6,67.3,0,1,20,0,0.0,19.0,0.0,0,1,0,0,0,0,0.0,37,1.9
Connor Reilly,12633,QB,TEMPLE,4,61.1,18,19,12.2,3.11,0,0,0.0,52.6,10,0,7,9.1,21,1,0,306,26.2,35.0,43.4,37.3,0,1,21,0,14.3,40.9,4.8,1,1,0,1,0,1,4.8,77,4.1
Damion Terry,27206,QB,MICH STATE,5,72.2,18,19,6.1,2.57,1,0,0.0,63.2,12,0,4,7.7,21,1,0,223,33.6,69.4,66.0,63.4,0,0,21,0,0.0,74.0,0.0,0,2,0,0,0,0,0.0,88,4.6
Joe Hubener,46389,QB,KANSAS ST,6,62.5,16,19,11.2,2.89,2,1,5.3,47.4,9,0,6,10.0,22,1,0,199,76.7,68.2,72.8,60.5,1,1,22,0,0.0,88.7,0.0,0,3,0,0,1,1,4.5,235,12.4
Trey Anderson,19120,QB,PITTSBURGH,3,66.7,18,18,13.3,2.47,0,1,5.6,61.1,11,0,1,8.3,20,1,0,268,25.8,61.1,63.3,53.6,0,0,20,0,100.0,107.4,5.0,1,1,0,0,1,2,10.0,155,8.6
Joseph Calcagni,16964,QB,TULSA,4,62.5,16,17,13.0,2.57,1,0,0.0,41.2,7,0,2,30.0,20,3,0,320,69.1,42.1,40.3,57.5,0,1,20,0,50.0,30.0,5.0,1,2,0,0,0,1,5.0,74,4.4
Austin Allen,46542,QB,ARKANSAS,4,56.3,16,17,8.5,2.53,0,0,0.0,47.1,8,0,8,11.1,20,1,0,111,27.6,69.7,70.1,63.5,0,1,20,1,25.0,54.3,10.0,2,1,1,0,0,1,5.0,153,9.0
Cardale Jones,10773,QB,OHIO STATE,5,62.5,16,17,9.4,2.82,0,1,5.9,58.8,10,0,4,0.0,23,0,0,260,50.8,72.4,67.3,67.8,0,0,23,0,0.0,118.8,0.0,0,6,0,1,2,0,0.0,116,6.8
Tyler O'Connor,46460,QB,MICH STATE,4,80.0,15,16,10.5,3.32,0,1,5.9,75.0,12,0,5,0.0,18,0,0,223,70.7,67.5,68.2,59.9,0,1,19,0,0.0,117.4,0.0,0,2,0,1,2,1,5.3,151,9.4
Tyler Cameron,47287,QB,WAKE,3,71.4,14,16,4.4,2.83,0,0,0.0,62.5,10,0,7,0.0,20,0,0,339,25.8,57.6,53.0,63.7,1,0,20,0,42.9,68.5,15.0,3,1,0,1,0,1,5.0,55,3.4
DeVante Kincade,26446,QB,OLE MISS,5,87.5,16,16,1.9,2.42,0,1,6.3,87.5,14,0,3,0.0,21,0,0,226,43.6,44.3,47.8,50.2,0,0,21,0,33.3,114.3,4.8,1,4,0,0,1,1,4.8,103,6.4
Andrew Allen,26510,QB,NEW MEX ST,6,76.9,13,16,15.3,2.78,1,1,6.3,62.5,10,0,11,0.0,23,0,0,242,17.5,55.3,42.5,64.7,0,1,23,0,36.4,58.9,17.4,4,3,0,2,0,3,13.0,118,7.4
Tony Daniel,18036,QB,BUFFALO,4,66.7,15,15,13.3,2.61,0,1,6.3,60.0,9,0,4,10.0,15,1,0,126,70.6,75.8,72.4,67.3,0,1,16,0,0.0,105.3,0.0,0,0,0,0,2,1,6.3,149,9.9
Nick Patti,46582,QB,UCF,5,72.7,11,14,5.9,2.67,1,0,0.0,50.0,7,0,5,12.5,18,1,1,323,71.2,51.5,44.4,60.7,0,1,20,0,0.0,40.5,0.0,0,4,0,2,0,1,5.0,89,6.4
Thomas Sirk,22589,QB,DUKE,7,76.9,13,14,8.3,1.79,1,0,0.0,71.4,10,0,1,0.0,14,0,0,154,25.5,63.0,65.1,60.5,0,0,14,0,0.0,121.1,0.0,0,0,0,0,3,1,7.1,67,4.8
Tago Smith,46514,QB,NAVY,3,83.3,12,14,13.6,2.81,1,0,0.0,71.4,10,0,4,0.0,18,0,0,237,78.9,75.2,72.0,67.7,0,1,19,0,50.0,123.5,11.1,2,2,0,1,3,1,5.3,215,15.4
Dwight Macon,15369,WR,TOLEDO,3,78.6,14,14,6.4,2.92,0,0,0.0,64.3,9,0,6,18.2,23,2,0,316,52.5,66.6,57.8,72.9,0,0,24,0,50.0,122.0,13.0,3,6,0,0,1,1,4.2,143,10.2
Jake Heaps,10085,QB,MIAMI FL,4,66.7,12,13,6.3,2.36,0,0,0.0,46.2,6,0,1,25.0,14,2,1,220,68.7,51.7,51.5,55.9,0,0,14,1,0.0,56.9,0.0,0,1,0,1,0,0,0.0,51,3.9
Tim Byerly,17313,QB,GA TECH,4,69.2,13,13,18.4,3.17,0,2,13.3,69.2,9,0,7,0.0,16,0,0,176,49.7,82.3,90.5,67.1,0,0,18,0,14.3,132.9,6.3,1,2,0,0,1,0,0.0,148,11.4
Greg Windham,46533,QB,OHIO,4,76.9,13,13,9.2,2.21,0,0,0.0,76.9,10,0,0,0.0,14,0,0,259,17.8,30.1,50.2,30.2,0,0,14,0,,92.5,7.1,1,0,0,0,0,1,7.1,82,6.3
Chris Covington,49825,QB,INDIANA,1,36.4,11,12,16.8,3.73,0,1,8.3,25.0,3,0,6,25.0,14,1,0,190,20.4,42.7,35.5,54.9,0,2,14,0,16.7,0.0,7.1,1,1,0,1,0,2,14.3,31,2.6
Chris Streveler,46440,QB,MINNESOTA,4,36.4,11,11,12.6,2.79,0,1,9.1,36.4,4,0,5,0.0,15,0,0,225,79.0,68.4,53.4,67.5,0,1,15,0,20.0,38.8,6.7,1,3,0,0,1,1,6.7,37,3.4
Ronnie Bell,16275,QB,GA STATE,4,45.5,11,11,7.3,2.57,0,0,0.0,27.3,3,0,2,40.0,11,2,0,175,23.9,51.5,50.5,57.2,0,0,11,0,0.0,39.6,0.0,0,0,0,0,0,1,9.1,29,2.6
Perry Hills,46491,QB,MARYLAND,1,66.7,9,11,4.3,2.39,0,1,9.1,54.5,6,0,5,0.0,11,0,0,215,68.5,53.9,55.0,62.3,0,0,11,1,0.0,111.9,0.0,0,0,0,2,1,0,0.0,90,8.2
Ryan Higgins,22948,QB,LA TECH,4,66.7,9,10,3.1,1.75,1,0,0.0,60.0,6,0,3,0.0,10,0,0,208,69.1,49.2,55.5,50.7,0,0,10,0,0.0,80.8,0.0,0,0,0,0,0,0,0.0,69,6.9
Tom Thornton,24314,QB,WYOMING,1,44.4,9,10,12.7,3.28,0,0,0.0,40.0,4,0,4,0.0,12,0,0,351,68.6,31.5,28.2,59.7,0,1,13,0,25.0,16.7,8.3,1,1,0,1,0,1,7.7,50,5.0
Kurt Benkert,46540,QB,E CAROLINA,2,80.0,10,10,6.9,2.27,0,0,0.0,80.0,8,0,1,0.0,12,0,0,156,66.8,55.0,46.2,65.9,0,1,12,0,0.0,51.3,0.0,0,2,0,0,0,1,8.3,58,5.8
Ryker Fyfe,46588,QB,NEBRASKA,5,50.0,10,10,7.8,2.4,0,0,0.0,40.0,4,0,4,20.0,11,1,0,238,71.6,57.7,45.9,67.9,0,0,12,0,25.0,85.4,9.1,1,0,0,0,1,0,0.0,40,4.0
Billy Cosh,13345,QB,HOUSTON,3,66.7,9,9,5.4,1.8,0,0,0.0,55.6,5,0,2,16.7,9,1,0,182,65.1,60.8,58.8,,0,0,9,0,0.0,63.2,0.0,0,0,0,0,0,0,0.0,32,3.6
Mark Leal,15515,QB,VA TECH,2,66.7,9,9,9.9,2.68,0,0,0.0,66.7,6,0,3,0.0,10,0,0,337,65.6,75.4,71.4,64.3,0,0,11,0,0.0,130.3,0.0,0,1,0,0,1,0,0.0,77,8.6
DJ Crook,27335,QB,PENN STATE,1,75.0,8,9,4.6,1.89,0,0,0.0,66.7,6,0,1,0.0,9,0,0,266,67.4,75.4,75.5,60.1,0,0,9,0,0.0,121.1,0.0,0,0,0,1,1,0,0.0,57,6.3
Reese Phillips,38271,QB,KENTUCKY,3,33.3,9,9,13.9,2.7,0,0,0.0,22.2,2,0,4,33.3,10,1,0,202,23.4,63.7,71.8,52.0,0,1,10,0,0.0,8.3,0.0,0,1,0,0,0,0,0.0,45,5.0
Drew Kummer,18541,QB,MIAMI OH,1,44.4,9,9,15.7,2.67,0,0,0.0,44.4,4,0,2,0.0,9,0,0,221,67.6,51.0,51.9,56.7,0,1,11,0,0.0,24.1,0.0,0,0,0,0,0,1,9.1,53,5.9
Clayton Mitchem,14784,QB,NEW MEXICO,4,55.6,9,9,10.0,3.12,0,0,0.0,44.4,4,0,3,20.0,11,1,0,241,31.5,47.6,57.5,47.9,0,1,12,0,66.7,23.1,18.2,2,0,0,0,0,1,8.3,51,5.7
Darius Wade,28055,QB,BOSTON COL,2,37.5,8,8,15.6,2.25,0,0,0.0,37.5,3,0,2,0.0,8,0,0,121,67.2,29.8,29.7,53.5,0,0,8,0,0.0,45.8,0.0,0,0,0,0,0,1,12.5,23,2.9
Pharoh Cooper,10751,WR,S CAROLINA,6,62.5,8,8,18.1,2.98,0,1,12.5,62.5,5,1,2,0.0,9,0,0,289,61.4,78.3,88.4,69.8,0,0,9,2,0.0,134.4,0.0,0,1,0,0,2,0,0.0,78,9.8
Nick Schuessler,12061,QB,CLEMSON,3,87.5,8,8,4.6,2.59,0,0,0.0,87.5,7,0,4,0.0,11,0,0,140,69.2,59.8,63.0,55.9,0,0,11,0,50.0,91.1,18.2,2,1,0,0,0,0,0.0,47,5.9
Pete DiNovo,27479,QB,UCF,1,42.9,7,8,9.4,3.25,0,0,0.0,37.5,3,0,6,0.0,11,0,0,323,65.6,43.6,44.2,57.0,0,0,11,0,33.3,45.8,18.2,2,1,0,1,0,0,0.0,18,2.3
Jesse Scroggins,37755,QB,ARIZONA,2,66.7,6,7,14.5,2.31,0,0,0.0,57.1,4,0,2,0.0,8,0,0,109,11.8,58.2,72.3,46.3,0,0,8,0,50.0,93.2,12.5,1,0,0,1,0,0,0.0,73,10.4
Max Browne,46632,QB,USC,3,42.9,7,7,11.7,2.46,0,0,0.0,42.9,3,0,1,0.0,7,0,1,326,70.4,54.1,55.3,54.4,0,0,7,0,0.0,55.7,0.0,0,0,0,0,0,0,0.0,30,4.3
Brett Nelson,18488,QB,LOUISVILLE,2,71.4,7,7,5.6,1.99,0,0,0.0,57.1,4,0,2,20.0,8,1,0,210,64.9,54.2,53.1,60.0,0,0,8,0,50.0,65.8,12.5,1,0,0,0,0,0,0.0,27,3.9
Garrett Leatham,18870,QB,NC STATE,3,40.0,5,6,8.8,2.53,0,0,0.0,16.7,1,0,3,50.0,6,1,0,248,65.7,28.1,26.9,60.0,0,1,6,0,0.0,0.0,0.0,0,0,0,1,0,1,16.7,8,1.3
Stephen Hogan,17827,QB,ARK STATE,3,66.7,6,6,-0.3,1.42,0,0,0.0,50.0,3,0,0,25.0,6,1,0,113,26.5,46.9,62.0,44.0,0,0,6,0,,56.3,0.0,0,0,0,0,0,0,0.0,18,3.0
Dallas Tidwell,17532,QB,TROY,2,75.0,4,6,2.0,2.2,1,0,0.0,50.0,3,0,1,0.0,6,0,0,318,64.2,51.8,49.9,,1,0,6,0,0.0,56.3,0.0,0,0,0,0,0,0,0.0,16,2.7
Taylor Burch,14531,QB,LA TECH,3,66.7,6,6,7.8,1.87,0,0,0.0,66.7,4,0,2,0.0,6,0,0,208,26.5,55.2,53.1,59.7,0,0,6,0,0.0,75.7,0.0,0,0,0,0,0,0,0.0,26,4.3
Jarred Evans,20431,QB,CINCINNATI,3,40.0,5,6,12.4,2.69,0,0,0.0,33.3,2,0,5,0.0,9,0,0,138,75.7,66.9,60.7,66.9,0,0,11,1,40.0,42.4,22.2,2,1,0,1,0,1,9.1,10,1.7
Connor Mitch,38318,QB,S CAROLINA,2,50.0,6,6,6.5,2.5,0,0,0.0,33.3,2,0,2,33.3,7,1,0,289,67.1,44.2,51.6,54.8,0,0,7,1,50.0,43.1,14.3,1,0,0,0,0,0,0.0,19,3.2
Conner Manning,39390,QB,UTAH,1,33.3,6,6,5.7,2.21,0,0,0.0,33.3,2,0,1,0.0,7,0,0,328,14.6,28.4,27.9,,0,1,7,0,100.0,9.7,14.3,1,0,0,0,0,2,28.6,28,4.7
David Watford,11441,QB,VIRGINIA,2,100.0,5,5,6.6,2.77,0,0,0.0,80.0,4,0,1,20.0,7,1,0,335,69.2,60.7,81.9,56.9,0,0,7,0,100.0,103.3,14.3,1,1,0,0,0,0,0.0,44,8.8
Connor White,30266,QB,TEXAS ST,1,80.0,5,5,6.8,2.78,0,0,0.0,80.0,4,0,3,0.0,6,0,0,314,19.0,43.0,51.2,44.5,0,0,6,0,33.3,100.8,16.7,1,0,0,0,0,0,0.0,41,8.2
Faton Bauta,46470,QB,GEORGIA,2,100.0,5,5,5.4,2.28,0,0,0.0,80.0,4,0,0,20.0,5,1,0,173,71.1,76.6,80.9,63.3,0,0,5,0,,106.7,0.0,0,0,0,0,0,0,0.0,48,9.6
Sam Stratton,15686,QB,WYOMING,1,50.0,4,5,6.0,3.17,1,0,0.0,40.0,2,0,4,0.0,10,0,0,351,66.5,54.3,51.1,60.1,0,0,10,0,50.0,55.4,20.0,2,3,0,0,0,0,0.0,24,4.8
Bram Kohlhausen,39176,QB,TCU,2,75.0,4,4,-0.5,1.15,0,0,0.0,75.0,3,0,0,0.0,4,0,0,305,67.8,63.3,64.7,58.5,0,0,4,0,,80.2,0.0,0,0,0,0,0,0,0.0,15,3.8
Troy Jones,17174,QB,W KENTUCKY,1,50.0,4,4,7.3,1.8,0,0,0.0,50.0,2,0,0,0.0,4,0,0,346,71.7,43.5,26.5,64.8,0,0,4,0,,56.3,0.0,0,0,0,0,0,2,50.0,11,2.8
Chris Johnson,38519,QB,BAYLOR,2,100.0,4,4,5.5,1.93,0,0,0.0,100.0,4,0,0,0.0,4,0,0,118,20.1,53.3,42.6,60.9,0,0,4,1,,113.5,0.0,0,0,0,0,0,1,25.0,45,11.3
Jason Stewart,38678,QB,MEMPHIS,1,66.7,3,4,16.7,3.48,0,0,0.0,50.0,2,0,2,0.0,4,0,1,218,73.7,51.9,29.5,61.9,0,0,4,1,0.0,121.9,0.0,0,0,0,1,1,1,25.0,37,9.3
Matt Alviti,44954,QB,NWESTERN,3,50.0,4,4,4.8,3.14,0,0,0.0,50.0,2,0,4,0.0,5,0,0,256,25.8,29.2,34.9,43.2,0,0,5,0,25.0,56.3,20.0,1,0,0,0,0,1,20.0,0,0.0
William Crest Jr.,45917,QB,W VIRGINIA,1,75.0,4,4,-1.5,1.72,0,0,0.0,75.0,3,0,1,0.0,5,0,0,343,68.9,86.0,55.6,84.0,0,0,5,0,100.0,77.1,20.0,1,0,0,0,0,0,0.0,7,1.8
Brenden Motley,44983,QB,VA TECH,2,50.0,2,3,22.5,3.63,0,0,0.0,33.3,1,0,2,0.0,4,0,0,337,27.7,55.0,58.5,56.3,0,0,4,0,50.0,53.5,25.0,1,0,0,1,0,0,0.0,17,5.7
Ben McLane,16355,QB,GA STATE,1,66.7,3,3,13.0,2.67,0,1,33.3,66.7,2,0,1,0.0,3,0,0,175,64.8,48.2,49.3,57.5,0,1,3,0,0.0,68.1,0.0,0,0,0,0,0,1,33.3,36,12.0
Kelvin White,20028,TE,ARMY,3,33.3,3,3,50.3,5.2,0,0,0.0,0.0,0,0,1,100.0,3,1,0,114,67.1,67.2,52.4,,0,0,3,2,0.0,39.6,0.0,0,0,0,0,0,0,0.0,0,0.0
Michael Colosimo,16046,QB,CINCINNATI,2,66.7,3,3,9.7,3.0,0,0,0.0,66.7,2,0,1,0.0,3,0,0,138,67.7,62.8,61.0,60.8,0,0,3,0,0.0,70.1,0.0,0,0,0,0,0,0,0.0,8,2.7
Bart Houston,12349,QB,WISCONSIN,2,100.0,3,3,9.0,2.9,0,1,33.3,33.3,1,0,1,66.7,4,2,0,349,25.2,61.0,80.3,46.4,0,0,4,0,0.0,81.9,0.0,0,1,0,0,1,0,0.0,6,2.0
Brandon Cox,46480,QB,UTAH,1,100.0,3,3,-0.7,1.9,0,0,0.0,100.0,3,0,1,0.0,3,0,0,328,67.7,74.4,63.9,68.3,0,0,3,0,0.0,88.9,0.0,0,0,0,0,0,0,0.0,16,5.3
Dalton Sturm,46488,QB,UTSA,1,100.0,3,3,5.0,2.8,0,0,0.0,100.0,3,0,1,0.0,4,0,0,331,65.2,78.0,74.4,64.8,0,0,4,0,0.0,158.3,0.0,0,1,0,0,1,0,0.0,59,19.7
Thomas Sperbeck,47487,WR,BOISE ST,2,100.0,2,3,3.5,3.57,0,0,0.0,66.7,2,0,2,0.0,3,0,0,120,73.6,79.0,72.3,71.0,0,0,3,0,0.0,143.1,0.0,0,0,0,1,1,0,0.0,33,11.0
Deshon Foxx,10160,WR,UCONN,4,33.3,3,3,10.7,3.25,0,0,0.0,33.3,1,0,1,0.0,4,0,0,146,29.7,56.8,54.9,57.8,0,0,4,0,0.0,42.4,0.0,0,1,0,0,0,0,0.0,4,1.3
Brent Stockstill,29288,QB,MIDDLE TN,1,100.0,3,3,13.0,1.9,0,0,0.0,66.7,2,0,0,33.3,3,1,1,224,5.4,27.5,58.2,26.4,0,1,4,0,,70.1,0.0,0,0,0,0,0,0,0.0,41,13.7
Joey Iosefa,9664,HB,HAWAII,4,66.7,3,3,22.3,3.45,0,0,0.0,66.7,2,0,1,0.0,4,0,0,180,70.6,65.3,71.2,60.8,0,0,4,1,0.0,125.0,0.0,0,1,0,0,1,0,0.0,20,6.7
Bill Belton,13371,HB,PENN STATE,3,0.0,3,3,10.7,2.77,0,0,0.0,0.0,0,0,1,,3,0,0,266,89.0,62.0,35.3,60.5,0,0,3,0,0.0,39.6,0.0,0,0,0,0,0,1,33.3,0,0.0
Austin Hinder,14193,QB,CAL,1,33.3,3,3,11.3,2.83,0,0,0.0,33.3,1,0,0,0.0,4,0,0,130,67.9,63.4,74.7,57.9,0,0,5,1,,47.9,0.0,0,1,0,0,0,1,20.0,13,4.3
Zach Allen,38296,QB,TCU,1,100.0,2,2,-2.5,1.1,0,0,0.0,100.0,2,0,0,0.0,2,0,0,305,68.7,69.5,62.7,64.8,0,0,2,0,,102.1,0.0,0,0,0,0,0,0,0.0,17,8.5
T.J. Millweard,24446,QB,KANSAS,2,50.0,2,2,-0.5,2.0,0,0,0.0,50.0,1,0,0,0.0,2,0,0,198,61.8,55.4,54.6,,0,0,2,0,,56.3,0.0,0,0,0,0,0,0,0.0,4,2.0
Russell Bellomy,18591,QB,MICHIGAN,1,0.0,1,2,-3.0,2.0,1,0,0.0,0.0,0,0,0,,2,0,0,222,61.8,59.5,58.9,,0,0,2,0,,39.6,0.0,0,0,0,0,0,0,0.0,0,0.0
Tres Houston,17604,WR,ARK STATE,2,100.0,2,2,1.5,3.35,0,0,0.0,100.0,2,0,0,0.0,2,0,0,113,47.2,68.8,73.8,,0,0,2,5,,158.3,0.0,0,0,0,0,1,0,0.0,64,32.0
Parker Boehme,39372,QB,DUKE,1,50.0,2,2,7.5,1.77,0,0,0.0,50.0,1,0,0,0.0,3,0,0,154,66.4,60.8,59.0,60.5,0,0,3,0,,56.3,0.0,0,1,0,0,0,0,0.0,5,2.5
Josh Bordner,14153,TE,BOSTON COL,2,100.0,2,2,29.5,3.4,0,0,0.0,50.0,1,0,0,50.0,2,1,0,121,71.5,69.4,57.1,,0,0,2,1,,95.8,0.0,0,0,0,0,0,0,0.0,35,17.5
Colton Huntsman,13850,TE,AIR FORCE,2,50.0,2,2,12.5,3.2,0,0,0.0,50.0,1,0,1,0.0,2,0,0,101,70.6,66.5,57.0,70.4,0,0,2,0,0.0,95.8,0.0,0,0,0,0,0,1,50.0,41,20.5
McCoy Hill,46407,QB,BYU,1,100.0,2,2,4.5,3.52,0,0,0.0,100.0,2,0,1,0.0,5,0,0,128,70.4,60.6,83.7,51.2,0,0,5,0,0.0,118.8,0.0,0,3,0,0,0,0,0.0,27,13.5
David Olson,13486,QB,CLEMSON,1,100.0,1,2,-1.0,2.0,1,0,0.0,50.0,1,0,0,0.0,2,0,0,140,66.2,61.3,58.9,60.1,0,0,2,0,,56.3,0.0,0,0,0,0,0,0,0.0,-1,-0.5
Perry Orth,46435,QB,S CAROLINA,1,0.0,1,2,5.0,3.17,1,0,0.0,0.0,0,0,1,,3,0,0,289,62.7,31.4,30.0,,0,0,3,0,100.0,39.6,33.3,1,0,0,0,0,1,33.3,0,0.0
Nelson Spruce,11199,WR,COLORADO,2,100.0,2,2,3.5,4.05,0,0,0.0,100.0,2,0,0,0.0,2,0,1,143,77.5,77.4,73.8,58.9,0,0,2,0,,135.4,0.0,0,0,0,0,1,0,0.0,14,7.0
Durron Neal,11023,WR,OKLAHOMA,2,50.0,2,2,14.0,3.35,0,0,0.0,50.0,1,0,2,0.0,2,0,0,261,73.6,64.3,35.0,71.3,0,1,2,1,0.0,56.3,0.0,0,0,0,0,1,1,50.0,4,2.0
Nick Vigil,10721,LB,UTAH ST,1,100.0,2,2,-5.0,0.5,0,0,0.0,100.0,2,0,0,0.0,2,0,0,329,79.5,72.6,62.6,69.9,0,0,2,1,,93.8,0.0,0,0,0,0,0,0,0.0,13,6.5
David Porter Jr.,10149,WR,TCU,2,50.0,2,2,-1.0,3.0,0,0,0.0,50.0,1,0,0,0.0,2,0,0,305,38.6,62.6,28.6,,0,0,2,0,,135.4,0.0,0,0,0,0,1,1,50.0,55,27.5
Matthew Miller,9788,WR,BOISE ST,2,50.0,2,2,17.5,3.05,0,0,0.0,50.0,1,0,1,0.0,2,0,0,120,71.7,79.3,90.8,,0,0,2,1,0.0,97.9,0.0,0,0,0,0,1,0,0.0,7,3.5
Bernard Davis,47836,WR,UMASS,2,100.0,2,2,9.0,4.15,0,0,0.0,100.0,2,0,1,0.0,2,0,0,216,64.2,56.4,72.2,,0,0,2,0,0.0,104.2,0.0,0,0,0,0,0,0,0.0,18,9.0
Jameon Lewis,14749,WR,MISS STATE,1,100.0,1,1,-5.0,3.6,0,0,0.0,100.0,1,0,1,0.0,1,0,0,227,73.7,64.1,60.4,58.5,0,0,1,0,0.0,158.3,0.0,0,0,0,0,1,0,0.0,24,24.0
B.J. Bostic,13587,FB,GA TECH,1,100.0,1,1,6.0,2.9,0,0,0.0,100.0,1,0,0,0.0,1,0,0,176,76.4,62.4,60.4,65.3,0,0,1,0,,118.8,0.0,0,0,0,0,0,0,0.0,15,15.0
Nick Holley,47688,HB,KENT STATE,1,0.0,1,1,0.0,1.6,0,0,0.0,0.0,0,0,0,,1,0,0,201,67.4,63.8,56.8,62.8,0,0,1,1,,39.6,0.0,0,0,0,0,0,0,0.0,0,0.0
Jalen Fitzpatrick,38874,WR,TEMPLE,1,100.0,1,1,11.0,4.2,0,0,0.0,100.0,1,0,1,0.0,1,0,0,306,30.8,69.3,74.3,54.0,0,0,1,1,0.0,118.8,0.0,0,0,0,0,0,0,0.0,14,14.0
Noah Copeland,14877,HB,NAVY,1,100.0,1,1,17.0,3.4,0,1,100.0,0.0,0,1,0,100.0,1,1,0,237,76.2,66.2,85.9,64.0,0,0,1,1,,39.6,0.0,0,0,0,0,0,0,0.0,0,0.0
Ronald Butler,15360,WR,UTAH ST,1,100.0,1,1,0.0,2.0,0,0,0.0,100.0,1,1,0,0.0,1,0,0,329,74.0,67.8,60.6,51.7,0,0,1,4,,79.2,0.0,0,0,0,0,0,0,0.0,3,3.0
Nate Boudreau,22940,QB,INDIANA,2,,0,1,,3.0,1,0,0.0,0.0,0,0,2,,2,0,0,190,61.8,55.9,55.4,60.0,0,0,2,0,50.0,39.6,50.0,1,0,0,0,0,0,0.0,0,0.0
Jack Williams,22643,QB,KENT STATE,1,,0,1,,3.9,1,0,0.0,0.0,0,0,1,,1,0,0,201,60.3,59.7,60.0,,0,0,1,0,0.0,39.6,0.0,0,0,0,0,0,0,0.0,0,0.0
Kenzee Jackson,12586,WR,LA MONROE,1,100.0,1,1,4.0,3.5,0,0,0.0,100.0,1,0,0,0.0,1,0,0,209,25.7,65.3,60.4,,0,0,1,3,,100.0,0.0,0,0,0,0,0,0,0.0,8,8.0
Tim DiGiorgio,12486,QB,TEMPLE,1,0.0,1,1,17.0,3.7,0,0,0.0,0.0,0,0,1,,1,0,0,306,60.3,37.1,35.6,,0,0,1,0,0.0,39.6,0.0,0,0,0,0,0,1,100.0,0,0.0
Miles Gooch,15506,WR,VIRGINIA,1,100.0,1,1,10.0,3.4,0,0,0.0,100.0,1,0,0,0.0,1,0,0,335,28.5,73.1,73.1,,0,0,1,3,,118.8,0.0,0,0,0,0,0,0,0.0,23,23.0
Johnny Stanton,46441,QB,NEBRASKA,1,100.0,1,1,2.0,2.5,0,0,0.0,100.0,1,0,0,0.0,1,0,0,238,60.3,62.6,60.4,,0,0,1,0,,91.7,0.0,0,0,0,0,0,0,0.0,6,6.0
Lynquez Blair,12383,WR,GA STATE,1,,0,1,,6.3,0,0,0.0,0.0,0,0,1,,1,0,1,175,74.1,70.9,60.0,,0,0,1,5,0.0,39.6,0.0,0,0,0,1,0,0,0.0,0,0.0
Jake Howton,15953,WR,S ALABAMA,1,100.0,1,1,0.0,3.5,0,0,0.0,100.0,1,0,0,0.0,1,0,0,288,60.3,49.6,60.4,,0,0,1,0,,158.3,0.0,0,0,0,0,1,0,0.0,28,28.0
Jeremy Liggins,12263,TE,OLE MISS,1,0.0,1,1,30.0,2.8,0,0,0.0,0.0,0,0,0,,1,0,0,226,77.2,63.8,50.1,68.3,0,0,1,1,,39.6,0.0,0,0,0,0,0,0,0.0,0,0.0
Brad Kragthorpe,37904,QB,LSU,1,100.0,1,1,-2.0,2.5,0,0,0.0,100.0,1,0,0,0.0,1,0,0,211,63.7,63.4,61.0,60.0,0,0,1,0,,112.5,0.0,0,0,0,0,0,0,0.0,11,11.0
Jordan Johnson,12146,HB,BUFFALO,1,100.0,1,1,9.0,1.8,0,0,0.0,100.0,1,0,0,0.0,1,0,0,126,85.3,72.8,71.5,71.9,0,0,1,0,,158.3,0.0,0,0,0,0,1,0,0.0,33,33.0
Marcus Kemp,12137,WR,HAWAII,1,0.0,1,1,7.0,4.4,0,0,0.0,0.0,0,0,1,,1,0,0,180,74.4,61.8,45.7,,0,0,1,1,0.0,39.6,0.0,0,0,0,0,0,0,0.0,0,0.0
Cameron Thomas,30774,QB,W MICHIGAN,1,100.0,1,1,-2.0,2.5,0,0,0.0,100.0,1,0,1,0.0,2,0,0,347,23.7,46.4,58.9,49.3,0,0,2,0,100.0,79.2,50.0,1,0,0,0,0,0,0.0,3,3.0
Josh Grady,16418,WR,VANDERBILT,1,0.0,1,1,31.0,9.9,0,0,0.0,0.0,0,0,1,,1,0,0,333,60.3,60.1,75.7,,0,0,1,0,0.0,39.6,0.0,0,0,0,0,0,0,0.0,0,0.0
Elijah McGuire,11943,HB,LA LAFAYET,1,100.0,1,1,36.0,3.5,0,1,100.0,0.0,0,0,1,100.0,1,1,0,207,90.2,84.3,92.5,78.2,0,0,1,0,0.0,39.6,0.0,0,0,0,0,0,0,0.0,0,0.0
Parker Adamson,30339,QB,SO MISS,1,0.0,1,1,19.0,2.4,0,0,0.0,0.0,0,0,0,,1,0,0,296,60.3,57.3,56.6,,0,0,1,0,,39.6,0.0,0,0,0,0,0,0,0.0,0,0.0
Kevin Sousa,16463,QB,WAKE,1,0.0,1,1,8.0,3.6,0,0,0.0,0.0,0,0,0,,1,0,0,339,69.7,50.9,54.7,55.3,0,0,1,0,,39.6,0.0,0,0,0,0,0,0,0.0,0,0.0
Donnel Pumphrey,11887,HB,S DIEGO ST,1,100.0,1,1,26.0,3.7,0,0,0.0,0.0,0,0,1,100.0,1,1,0,284,74.9,73.5,58.4,73.6,0,0,1,3,0.0,39.6,0.0,0,0,0,0,0,0,0.0,0,0.0
Zay Jones,11792,WR,E CAROLINA,1,100.0,1,1,-3.0,2.6,0,0,0.0,100.0,1,0,0,0.0,1,0,0,156,75.6,65.5,60.4,,0,0,1,3,,79.2,0.0,0,0,0,0,0,0,0.0,0,0.0
Terrell Johnson,16703,WR,BOISE ST,1,0.0,1,1,29.0,4.3,0,0,0.0,0.0,0,0,0,,1,0,0,120,60.3,56.3,58.4,,0,0,1,0,,39.6,0.0,0,0,0,0,0,0,0.0,0,0.0
Chris Kearney,16728,WR,S JOSE ST,1,0.0,1,1,32.0,3.4,0,0,0.0,0.0,0,0,1,,1,0,0,285,66.4,63.2,50.1,,0,0,1,0,0.0,39.6,0.0,0,0,0,0,0,0,0.0,0,0.0
Corey Davis,11760,WR,W MICHIGAN,1,100.0,1,1,1.0,3.3,0,0,0.0,100.0,1,1,1,0.0,1,0,0,347,75.3,91.1,60.4,,0,0,1,3,0.0,118.8,0.0,0,0,0,0,0,0,0.0,18,18.0
Eddie Printz,29155,QB,MISSOURI,1,100.0,1,1,-5.0,3.4,0,0,0.0,0.0,0,0,1,100.0,1,1,0,229,60.3,62.5,61.0,,0,0,1,0,0.0,39.6,0.0,0,0,0,0,0,0,0.0,0,0.0
Will Worth,46498,QB,NAVY,1,0.0,1,1,5.0,2.8,0,0,0.0,0.0,0,0,1,,1,0,0,237,69.7,41.8,42.5,63.6,0,1,1,0,0.0,0.0,0.0,0,0,0,0,0,1,100.0,0,0.0
J.J. Worton,11404,WR,UCF,1,0.0,1,1,19.0,4.4,0,0,0.0,0.0,0,0,0,,1,0,0,323,72.6,68.0,57.7,,0,0,1,1,,39.6,0.0,0,0,0,0,0,0,0.0,0,0.0
Jaydon Mickens,11371,WR,WASHINGTON,1,0.0,1,1,11.0,4.7,0,0,0.0,0.0,0,0,0,,1,0,0,340,62.9,66.7,56.6,59.0,0,0,1,3,,39.6,0.0,0,0,0,0,0,0,0.0,0,0.0
Jalin Marshall,11259,WR,OHIO STATE,1,0.0,1,1,28.0,2.5,0,0,0.0,0.0,0,0,0,,1,0,0,260,49.0,66.9,50.4,70.2,0,0,1,0,,39.6,0.0,0,0,0,0,0,0,0.0,0,0.0
Ryan Burbrink,17092,WR,BOWL GREEN,2,,0,1,,3.6,1,0,0.0,0.0,0,0,1,,2,0,0,122,74.2,68.0,60.0,57.0,0,0,2,0,0.0,39.6,0.0,0,1,0,0,0,0,0.0,0,0.0
D.J. Foster,11214,HB,ARIZONA ST,1,100.0,1,1,-4.0,0.7,0,0,0.0,100.0,1,0,0,0.0,1,0,0,110,68.2,69.2,60.4,63.1,0,0,1,1,,79.2,0.0,0,0,0,0,0,0,0.0,-3,-3.0
Gabe Myles,47881,WR,MISS STATE,2,100.0,1,1,10.0,5.55,0,0,0.0,100.0,1,0,1,0.0,2,0,0,227,72.0,63.6,72.6,57.4,0,0,2,0,0.0,112.5,0.0,0,1,0,0,0,0,0.0,11,11.0
Quinshad Davis,11131,WR,N CAROLINA,1,100.0,1,1,26.0,4.0,0,0,0.0,100.0,1,0,0,0.0,1,0,0,245,39.3,75.4,76.2,,0,0,1,1,,158.3,0.0,0,0,0,0,1,0,0.0,23,23.0
Tra Carson,11104,HB,TEXAS A&M,1,0.0,1,1,-4.0,4.0,0,0,0.0,0.0,0,0,0,,1,0,0,312,87.3,64.1,57.7,66.4,0,0,1,0,,39.6,0.0,0,0,0,0,0,0,0.0,0,0.0
Brandon Cox,28002,WR,ARK STATE,1,0.0,1,1,31.0,3.3,0,0,0.0,0.0,0,1,1,,1,0,0,113,73.5,56.4,49.9,63.6,0,0,1,2,0.0,39.6,0.0,0,0,0,0,0,0,0.0,0,0.0
Andrew Scanlan,48025,WR,NWESTERN,2,0.0,1,1,23.0,4.0,0,0,0.0,0.0,0,0,1,,1,0,0,256,64.2,58.0,48.3,,0,0,2,0,0.0,39.6,0.0,0,0,0,0,0,0,0.0,0,0.0
Marken Michel,10980,WR,UMASS,1,0.0,1,1,10.0,3.0,0,0,0.0,0.0,0,0,0,,1,0,0,216,49.3,59.4,54.8,66.1,0,0,1,0,,39.6,0.0,0,0,0,0,0,0,0.0,0,0.0
Damon Mitchell,27911,QB,ARKANSAS,1,0.0,1,1,32.0,5.0,0,0,0.0,0.0,0,0,2,,2,0,0,111,69.6,66.8,37.1,72.7,0,0,2,0,0.0,39.6,0.0,0,1,0,0,0,1,50.0,0,0.0
Jonathan Wallace,17820,QB,AUBURN,1,100.0,1,1,-8.0,3.3,0,0,0.0,100.0,1,0,0,0.0,1,0,0,115,62.4,59.4,61.0,,0,0,1,0,,118.8,0.0,0,0,0,0,0,0,0.0,17,17.0
Devin Fuller,10872,WR,UCLA,1,100.0,1,1,-2.0,3.8,0,0,0.0,100.0,1,0,0,0.0,1,0,0,324,74.7,62.0,60.4,57.5,0,0,1,1,,104.2,0.0,0,0,0,0,0,0,0.0,9,9.0
Daniel Braverman,10864,WR,W MICHIGAN,1,100.0,1,1,8.0,3.1,0,0,0.0,100.0,1,0,0,0.0,1,0,0,347,77.5,79.3,60.4,66.2,0,0,1,1,,112.5,0.0,0,0,0,0,0,0,0.0,11,11.0
Jonathan Williams,10790,HB,ARKANSAS,1,100.0,1,1,16.0,2.0,0,0,0.0,0.0,0,0,0,100.0,1,1,0,111,47.9,82.1,54.8,81.6,0,0,1,1,,39.6,0.0,0,0,0,0,0,0,0.0,0,0.0
Jordan Howard,10784,HB,UAB,1,100.0,1,1,-5.0,0.8,0,0,0.0,100.0,1,0,0,0.0,1,0,0,321,84.9,82.2,60.4,79.3,0,0,1,0,,79.2,0.0,0,0,0,0,0,0,0.0,0,0.0
Chase Favreau,27423,WR,S DIEGO ST,1,0.0,1,1,28.0,4.0,0,0,0.0,0.0,0,0,1,,1,0,0,284,62.4,48.3,50.8,,0,1,1,0,0.0,0.0,0.0,0,0,0,0,0,0,0.0,0,0.0
Quinton Pedroza,18427,WR,HAWAII,1,0.0,1,1,9.0,4.1,0,0,0.0,0.0,0,0,1,,1,0,0,180,29.5,64.9,52.8,63.2,0,0,1,0,0.0,39.6,0.0,0,0,0,0,0,0,0.0,0,0.0
Jordan Wilkins,26618,HB,OLE MISS,1,0.0,1,1,6.0,2.5,0,0,0.0,0.0,0,0,1,,1,0,0,226,82.0,66.3,41.1,70.8,0,0,1,0,0.0,39.6,0.0,0,0,0,0,0,1,100.0,0,0.0
De'Mornay Pierson-El,48141,WR,NEBRASKA,1,100.0,1,1,16.0,4.0,0,0,0.0,100.0,1,1,0,0.0,1,0,0,238,17.4,57.7,72.6,54.9,0,0,1,1,,158.3,0.0,0,0,0,0,1,0,0.0,16,16.0
A.J. Erdely,18567,QB,MIDDLE TN,1,0.0,1,1,45.0,5.3,0,0,0.0,0.0,0,0,1,,1,0,0,224,71.2,56.9,59.3,57.9,0,0,1,0,0.0,39.6,0.0,0,0,0,0,0,0,0.0,0,0.0
Tyler Boyd,10689,WR,PITTSBURGH,2,100.0,1,1,9.0,4.3,0,0,0.0,100.0,1,0,0,0.0,2,0,0,268,58.1,90.6,77.2,55.5,0,0,2,3,,118.8,0.0,0,1,0,0,0,0,0.0,29,29.0
Ryan Williams,10343,,MIAMI FL,1,100.0,1,1,25.0,3.3,0,0,0.0,0.0,0,0,0,100.0,1,1,0,220,63.7,71.6,76.2,58.0,0,0,1,0,,39.6,0.0,0,0,0,0,0,0,0.0,0,0.0
Conor Rhoda,26179,QB,MINNESOTA,1,0.0,1,1,14.0,3.9,0,0,0.0,0.0,0,0,0,,1,0,0,225,65.9,27.6,27.2,60.1,0,0,1,0,,39.6,0.0,0,0,0,0,0,1,100.0,0,0.0
Jarrod West,10309,WR,SYRACUSE,1,100.0,1,1,26.0,4.5,0,0,0.0,0.0,0,0,1,100.0,1,1,0,304,73.8,71.2,76.6,,0,0,1,1,0.0,39.6,0.0,0,0,0,0,0,0,0.0,0,0.0
Deontae Cooper,19676,HB,WASHINGTON,1,100.0,1,1,-2.0,2.8,0,0,0.0,100.0,1,0,0,0.0,1,0,0,340,65.6,66.5,60.6,63.9,0,0,1,0,,79.2,0.0,0,0,0,0,0,0,0.0,2,2.0
Nacarius Fant,48276,WR,W KENTUCKY,1,100.0,1,1,25.0,3.9,0,0,0.0,100.0,1,0,0,0.0,1,0,0,346,62.4,55.5,58.4,,0,0,1,0,,118.8,0.0,0,0,0,0,0,0,0.0,25,25.0
Joe Walker,24470,TE,ARMY,1,0.0,1,1,10.0,2.6,0,0,0.0,0.0,0,0,0,,1,0,0,114,35.6,55.9,46.8,48.2,0,0,1,0,,39.6,0.0,0,0,0,0,0,0,0.0,0,0.0
Jojo Kemp,23914,HB,KENTUCKY,2,0.0,1,1,8.0,3.9,0,0,0.0,0.0,0,0,1,,1,0,0,202,48.4,63.6,28.5,67.0,0,1,2,0,0.0,0.0,0.0,0,0,0,0,0,1,100.0,0,0.0
Lloyd Mills,22079,WR,S DIEGO ST,1,100.0,1,1,-4.0,3.5,0,0,0.0,100.0,1,0,0,0.0,1,0,0,284,72.4,60.7,60.4,69.0,0,0,1,0,,118.8,0.0,0,0,0,0,0,0,0.0,15,15.0
Darius Jennings,10038,WR,VIRGINIA,2,,0,1,,6.25,0,0,0.0,0.0,0,0,2,,2,0,0,335,54.6,74.8,55.4,74.0,0,0,2,0,50.0,39.6,50.0,1,0,0,1,0,0,0.0,0,0.0
Joe Dineen,49816,HB,KANSAS,1,100.0,1,1,5.0,3.0,0,0,0.0,100.0,1,0,0,0.0,1,0,0,198,74.7,63.3,60.6,62.2,0,0,1,0,,87.5,0.0,0,0,0,0,0,0,0.0,5,5.0
Todd Stafford,47072,QB,UMASS,1,0.0,1,1,37.0,4.4,0,0,0.0,0.0,0,0,0,,1,0,0,216,60.3,49.6,49.9,,0,0,1,0,,39.6,0.0,0,0,0,0,0,0,0.0,0,0.0
Collin Michael,22534,QB,BUFFALO,1,0.0,1,1,29.0,2.5,0,0,0.0,0.0,0,0,0,,1,0,0,126,60.3,52.1,51.9,,0,0,1,0,,39.6,0.0,0,0,0,0,0,0,0.0,0,0.0
Shane Tucker,23213,HB,MIDDLE TN,1,100.0,1,1,-5.0,3.1,0,0,0.0,100.0,1,0,0,0.0,1,0,0,224,47.1,75.7,60.4,68.3,0,0,1,0,,116.7,0.0,0,0,0,0,0,0,0.0,12,12.0
Garrett Johnson,47450,WR,KENTUCKY,1,100.0,1,1,-5.0,2.6,0,0,0.0,100.0,1,0,0,0.0,1,0,0,202,70.6,63.6,60.4,,0,0,1,0,,112.5,0.0,0,0,0,0,0,0,0.0,11,11.0
Drake Johnson,23121,HB,MICHIGAN,1,100.0,1,1,4.0,2.8,0,0,0.0,100.0,1,0,0,0.0,1,0,0,222,63.4,71.1,66.4,69.8,0,0,1,0,,118.8,0.0,0,0,0,0,0,0,0.0,18,18.0
Jalen Nixon,45916,QB,LA LAFAYET,1,100.0,1,1,-4.0,0.6,0,0,0.0,100.0,1,0,0,0.0,1,0,0,207,63.7,59.8,60.6,59.5,0,0,1,0,,79.2,0.0,0,0,0,0,0,0,0.0,1,1.0
Royce Freeman,45747,HB,OREGON,1,100.0,1,1,16.0,3.3,0,0,0.0,100.0,1,0,0,0.0,1,0,0,264,86.2,79.1,72.6,78.9,0,0,1,0,,158.3,0.0,0,0,0,0,1,0,0.0,26,26.0
Jayme Taylor,45010,TE,NWESTERN,1,100.0,1,1,-7.0,3.2,0,0,0.0,100.0,1,0,0,0.0,1,0,0,256,67.3,55.0,60.4,,0,0,1,0,,158.3,0.0,0,0,0,0,1,0,0.0,17,17.0
Todd Gurley II,9443,HB,GEORGIA,1,100.0,1,1,29.0,2.5,0,0,0.0,100.0,1,0,1,0.0,1,0,0,173,89.0,84.1,76.6,83.0,0,0,1,1,0.0,118.8,0.0,0,0,0,0,0,0,0.0,50,50.0
Jared Crump,42037,WR,WAKE,1,100.0,1,1,10.0,4.3,0,0,0.0,100.0,1,0,0,0.0,1,0,0,339,72.4,60.4,72.6,63.4,0,0,1,1,,118.8,0.0,0,0,0,0,0,0,0.0,24,24.0
Ryan Burns,46394,QB,STANFORD,1,100.0,1,1,-3.0,2.9,0,0,0.0,100.0,1,0,1,0.0,3,0,0,300,12.0,40.1,58.9,48.9,0,0,3,0,100.0,118.8,33.3,1,1,0,0,0,0,0.0,13,13.0
Logan Hallock,13857,QB,APP STATE,1,0.0,1,1,27.0,3.0,0,0,0.0,0.0,0,0,2,,2,0,0,108,66.2,50.6,48.4,60.1,0,0,2,0,50.0,39.6,50.0,1,0,0,0,0,0,0.0,0,0.0
Corey Lacanaria,47550,WR,BALL ST,1,100.0,1,1,-2.0,3.7,0,0,0.0,100.0,1,0,0,0.0,1,0,1,117,71.1,62.0,60.4,69.4,0,0,1,0,,95.8,0.0,0,0,0,0,0,0,0.0,7,7.0
Jarvis West,14353,WR,IOWA STATE,1,0.0,1,1,29.0,3.7,0,0,0.0,0.0,0,0,1,,1,0,0,193,73.7,54.4,37.5,59.4,0,1,1,0,0.0,0.0,0.0,0,0,0,0,0,1,100.0,0,0.0
Aregeros Turner,47577,WR,N ILLINOIS,1,100.0,1,1,16.0,2.6,0,0,0.0,100.0,1,0,0,0.0,1,0,0,254,75.3,62.4,73.1,62.9,0,0,1,1,,118.8,0.0,0,0,0,0,0,0,0.0,18,18.0
Keiwone Malone,14696,WR,MEMPHIS,1,0.0,1,1,10.0,5.2,0,0,0.0,0.0,0,0,0,,1,0,0,218,22.3,70.2,46.8,60.2,0,0,1,2,,39.6,0.0,0,0,0,0,0,0,0.0,0,0.0
